#
# There is insufficient memory for the Java Runtime Environment to continue.
# Native memory allocation (mmap) failed to map 65536 bytes for Failed to commit metaspace.
# Possible reasons:
#   The system is out of physical RAM or swap space
#   The process is running with CompressedOops enabled, and the Java Heap may be blocking the growth of the native heap
# Possible solutions:
#   Reduce memory load on the system
#   Increase physical memory or swap space
#   Check if swap backing store is full
#   Decrease Java heap size (-Xmx/-Xms)
#   Decrease number of Java threads
#   Decrease Java thread stack sizes (-Xss)
#   Set larger code cache with -XX:ReservedCodeCacheSize=
#   JVM is running with Unscaled Compressed Oops mode in which the Java heap is
#     placed in the first 4GB address space. The Java Heap base address is the
#     maximum limit for the native heap growth. Please use -XX:HeapBaseMinAddress
#     to set the Java Heap base and to place the Java Heap above 4GB virtual address.
# This output file may be truncated or incomplete.
#
#  Out of Memory Error (virtualSpaceNode.cpp:112), pid=17516, tid=22312
#
# JRE version: Java(TM) SE Runtime Environment (21.0.1+12) (build 21.0.1+12-LTS-29)
# Java VM: Java HotSpot(TM) 64-Bit Server VM (21.0.1+12-LTS-29, mixed mode, sharing, tiered, compressed oops, compressed class ptrs, g1 gc, windows-amd64)
# No core dump will be written. Minidumps are not enabled by default on client versions of Windows
#

---------------  S U M M A R Y ------------

Command Line: -Dclassworlds.conf=C:\Program Files\NetBeans-19\netbeans\java\maven\bin\m2.conf -Dmaven.home=C:\Program Files\NetBeans-19\netbeans\java\maven -Dlibrary.jansi.path=C:\Program Files\NetBeans-19\netbeans\java\maven\lib\jansi-native -Dmaven.multiModuleProjectDirectory=D:\POSCASHIERMASTER\tt_pos_window org.codehaus.plexus.classworlds.launcher.Launcher -Dexec.vmArgs= -Dexec.args=${exec.vmArgs} -classpath %classpath ${exec.mainClass} ${exec.appArgs} -Dexec.appArgs= -Dexec.mainClass=com.mycompany.kingmart.KingMart -Dexec.executable=C:\Program Files\Java\jdk-21\bin\java.exe -Dmaven.ext.class.path=C:\Program Files\NetBeans-19\netbeans\java\maven-nblib\netbeans-eventspy.jar --no-transfer-progress process-classes org.codehaus.mojo:exec-maven-plugin:3.1.0:exec

Host: Intel(R) Core(TM) i7-4790 CPU @ 3.60GHz, 4 cores, 7G,  Windows 10 , 64 bit Build 19041 (10.0.19041.3636)
Time: Wed May  1 15:01:59 2024 SE Asia Standard Time elapsed time: 0.345394 seconds (0d 0h 0m 0s)

---------------  T H R E A D  ---------------

Current thread (0x000001ebceadc5b0):  JavaThread "main"             [_thread_in_vm, id=22312, stack(0x000000915fb00000,0x000000915fc00000) (1024K)]

Stack: [0x000000915fb00000,0x000000915fc00000]
Native frames: (J=compiled Java code, j=interpreted, Vv=VM code, C=native code)
V  [jvm.dll+0x6c9029]
V  [jvm.dll+0x854b81]
V  [jvm.dll+0x856e5e]
V  [jvm.dll+0x857543]
V  [jvm.dll+0x280c06]
V  [jvm.dll+0x8508ae]
V  [jvm.dll+0x66ca45]
V  [jvm.dll+0x1e677c]
V  [jvm.dll+0x1e654e]
V  [jvm.dll+0x66f35c]
V  [jvm.dll+0x66f172]
V  [jvm.dll+0x66d41e]
V  [jvm.dll+0x677657]
V  [jvm.dll+0x288fc4]
V  [jvm.dll+0x28a352]
V  [jvm.dll+0x21035a]
V  [jvm.dll+0x20faed]
V  [jvm.dll+0x5ac706]
V  [jvm.dll+0x7cd7a6]
V  [jvm.dll+0x46fd60]
V  [jvm.dll+0x4759e8]
C  [java.dll+0x17ec]

Java frames: (J=compiled Java code, j=interpreted, Vv=VM code)
j  java.lang.ClassLoader.defineClass1(Ljava/lang/ClassLoader;Ljava/lang/String;[BIILjava/security/ProtectionDomain;Ljava/lang/String;)Ljava/lang/Class;+0 java.base@21.0.1
j  java.lang.ClassLoader.defineClass(Ljava/lang/String;[BIILjava/security/ProtectionDomain;)Ljava/lang/Class;+27 java.base@21.0.1
j  java.security.SecureClassLoader.defineClass(Ljava/lang/String;[BIILjava/security/CodeSource;)Ljava/lang/Class;+12 java.base@21.0.1
j  java.net.URLClassLoader.defineClass(Ljava/lang/String;Ljdk/internal/loader/Resource;)Ljava/lang/Class;+220 java.base@21.0.1
j  java.net.URLClassLoader$1.run()Ljava/lang/Class;+43 java.base@21.0.1
j  java.net.URLClassLoader$1.run()Ljava/lang/Object;+1 java.base@21.0.1
J 756 c1 java.security.AccessController.doPrivileged(Ljava/security/PrivilegedExceptionAction;Ljava/security/AccessControlContext;)Ljava/lang/Object; java.base@21.0.1 (26 bytes) @ 0x000001ebd898039c [0x000001ebd89801a0+0x00000000000001fc]
j  java.net.URLClassLoader.findClass(Ljava/lang/String;)Ljava/lang/Class;+13 java.base@21.0.1
j  org.codehaus.plexus.classworlds.realm.ClassRealm.findClassInternal(Ljava/lang/String;)Ljava/lang/Class;+2
j  org.codehaus.plexus.classworlds.realm.ClassRealm.loadClassFromSelf(Ljava/lang/String;)Ljava/lang/Class;+20
J 785 c1 org.codehaus.plexus.classworlds.strategy.SelfFirstStrategy.loadClass(Ljava/lang/String;)Ljava/lang/Class; (50 bytes) @ 0x000001ebd8993aac [0x000001ebd89936c0+0x00000000000003ec]
J 530 c1 org.codehaus.plexus.classworlds.realm.ClassRealm.loadClass(Ljava/lang/String;Z)Ljava/lang/Class; (33 bytes) @ 0x000001ebd88fd2e4 [0x000001ebd88fd160+0x0000000000000184]
J 529 c1 org.codehaus.plexus.classworlds.realm.ClassRealm.loadClass(Ljava/lang/String;)Ljava/lang/Class; (7 bytes) @ 0x000001ebd88fcdc4 [0x000001ebd88fccc0+0x0000000000000104]
v  ~StubRoutines::call_stub 0x000001ebdfd5100d
j  java.lang.ClassLoader.defineClass1(Ljava/lang/ClassLoader;Ljava/lang/String;[BIILjava/security/ProtectionDomain;Ljava/lang/String;)Ljava/lang/Class;+0 java.base@21.0.1
j  java.lang.ClassLoader.defineClass(Ljava/lang/String;[BIILjava/security/ProtectionDomain;)Ljava/lang/Class;+27 java.base@21.0.1
j  java.security.SecureClassLoader.defineClass(Ljava/lang/String;[BIILjava/security/CodeSource;)Ljava/lang/Class;+12 java.base@21.0.1
j  java.net.URLClassLoader.defineClass(Ljava/lang/String;Ljdk/internal/loader/Resource;)Ljava/lang/Class;+220 java.base@21.0.1
j  java.net.URLClassLoader$1.run()Ljava/lang/Class;+43 java.base@21.0.1
j  java.net.URLClassLoader$1.run()Ljava/lang/Object;+1 java.base@21.0.1
J 756 c1 java.security.AccessController.doPrivileged(Ljava/security/PrivilegedExceptionAction;Ljava/security/AccessControlContext;)Ljava/lang/Object; java.base@21.0.1 (26 bytes) @ 0x000001ebd898039c [0x000001ebd89801a0+0x00000000000001fc]
j  java.net.URLClassLoader.findClass(Ljava/lang/String;)Ljava/lang/Class;+13 java.base@21.0.1
j  org.codehaus.plexus.classworlds.realm.ClassRealm.findClassInternal(Ljava/lang/String;)Ljava/lang/Class;+2
j  org.codehaus.plexus.classworlds.realm.ClassRealm.loadClassFromSelf(Ljava/lang/String;)Ljava/lang/Class;+20
J 785 c1 org.codehaus.plexus.classworlds.strategy.SelfFirstStrategy.loadClass(Ljava/lang/String;)Ljava/lang/Class; (50 bytes) @ 0x000001ebd8993aac [0x000001ebd89936c0+0x00000000000003ec]
J 530 c1 org.codehaus.plexus.classworlds.realm.ClassRealm.loadClass(Ljava/lang/String;Z)Ljava/lang/Class; (33 bytes) @ 0x000001ebd88fd2e4 [0x000001ebd88fd160+0x0000000000000184]
J 529 c1 org.codehaus.plexus.classworlds.realm.ClassRealm.loadClass(Ljava/lang/String;)Ljava/lang/Class; (7 bytes) @ 0x000001ebd88fcdc4 [0x000001ebd88fccc0+0x0000000000000104]
v  ~StubRoutines::call_stub 0x000001ebdfd5100d
j  java.lang.ClassLoader.defineClass1(Ljava/lang/ClassLoader;Ljava/lang/String;[BIILjava/security/ProtectionDomain;Ljava/lang/String;)Ljava/lang/Class;+0 java.base@21.0.1
j  java.lang.ClassLoader.defineClass(Ljava/lang/String;[BIILjava/security/ProtectionDomain;)Ljava/lang/Class;+27 java.base@21.0.1
j  java.security.SecureClassLoader.defineClass(Ljava/lang/String;[BIILjava/security/CodeSource;)Ljava/lang/Class;+12 java.base@21.0.1
j  java.net.URLClassLoader.defineClass(Ljava/lang/String;Ljdk/internal/loader/Resource;)Ljava/lang/Class;+220 java.base@21.0.1
j  java.net.URLClassLoader$1.run()Ljava/lang/Class;+43 java.base@21.0.1
j  java.net.URLClassLoader$1.run()Ljava/lang/Object;+1 java.base@21.0.1
J 756 c1 java.security.AccessController.doPrivileged(Ljava/security/PrivilegedExceptionAction;Ljava/security/AccessControlContext;)Ljava/lang/Object; java.base@21.0.1 (26 bytes) @ 0x000001ebd898039c [0x000001ebd89801a0+0x00000000000001fc]
j  java.net.URLClassLoader.findClass(Ljava/lang/String;)Ljava/lang/Class;+13 java.base@21.0.1
j  org.codehaus.plexus.classworlds.realm.ClassRealm.findClassInternal(Ljava/lang/String;)Ljava/lang/Class;+2
j  org.codehaus.plexus.classworlds.realm.ClassRealm.loadClassFromSelf(Ljava/lang/String;)Ljava/lang/Class;+20
J 785 c1 org.codehaus.plexus.classworlds.strategy.SelfFirstStrategy.loadClass(Ljava/lang/String;)Ljava/lang/Class; (50 bytes) @ 0x000001ebd8993aac [0x000001ebd89936c0+0x00000000000003ec]
J 530 c1 org.codehaus.plexus.classworlds.realm.ClassRealm.loadClass(Ljava/lang/String;Z)Ljava/lang/Class; (33 bytes) @ 0x000001ebd88fd2e4 [0x000001ebd88fd160+0x0000000000000184]
J 529 c1 org.codehaus.plexus.classworlds.realm.ClassRealm.loadClass(Ljava/lang/String;)Ljava/lang/Class; (7 bytes) @ 0x000001ebd88fcdc4 [0x000001ebd88fccc0+0x0000000000000104]
v  ~StubRoutines::call_stub 0x000001ebdfd5100d
j  java.lang.ClassLoader.defineClass1(Ljava/lang/ClassLoader;Ljava/lang/String;[BIILjava/security/ProtectionDomain;Ljava/lang/String;)Ljava/lang/Class;+0 java.base@21.0.1
j  java.lang.ClassLoader.defineClass(Ljava/lang/String;[BIILjava/security/ProtectionDomain;)Ljava/lang/Class;+27 java.base@21.0.1
j  java.security.SecureClassLoader.defineClass(Ljava/lang/String;[BIILjava/security/CodeSource;)Ljava/lang/Class;+12 java.base@21.0.1
j  java.net.URLClassLoader.defineClass(Ljava/lang/String;Ljdk/internal/loader/Resource;)Ljava/lang/Class;+220 java.base@21.0.1
j  java.net.URLClassLoader$1.run()Ljava/lang/Class;+43 java.base@21.0.1
j  java.net.URLClassLoader$1.run()Ljava/lang/Object;+1 java.base@21.0.1
J 756 c1 java.security.AccessController.doPrivileged(Ljava/security/PrivilegedExceptionAction;Ljava/security/AccessControlContext;)Ljava/lang/Object; java.base@21.0.1 (26 bytes) @ 0x000001ebd898039c [0x000001ebd89801a0+0x00000000000001fc]
j  java.net.URLClassLoader.findClass(Ljava/lang/String;)Ljava/lang/Class;+13 java.base@21.0.1
j  org.codehaus.plexus.classworlds.realm.ClassRealm.findClassInternal(Ljava/lang/String;)Ljava/lang/Class;+2
j  org.codehaus.plexus.classworlds.realm.ClassRealm.loadClassFromSelf(Ljava/lang/String;)Ljava/lang/Class;+20
J 785 c1 org.codehaus.plexus.classworlds.strategy.SelfFirstStrategy.loadClass(Ljava/lang/String;)Ljava/lang/Class; (50 bytes) @ 0x000001ebd8993aac [0x000001ebd89936c0+0x00000000000003ec]
J 530 c1 org.codehaus.plexus.classworlds.realm.ClassRealm.loadClass(Ljava/lang/String;Z)Ljava/lang/Class; (33 bytes) @ 0x000001ebd88fd2e4 [0x000001ebd88fd160+0x0000000000000184]
J 529 c1 org.codehaus.plexus.classworlds.realm.ClassRealm.loadClass(Ljava/lang/String;)Ljava/lang/Class; (7 bytes) @ 0x000001ebd88fcdc4 [0x000001ebd88fccc0+0x0000000000000104]
v  ~StubRoutines::call_stub 0x000001ebdfd5100d
j  com.google.inject.internal.CycleDetectingLock$CycleDetectingLockFactory.<clinit>()V+6
v  ~StubRoutines::call_stub 0x000001ebdfd5100d
j  com.google.inject.internal.Initializer.<init>()V+10
j  com.google.inject.internal.InternalInjectorCreator.<init>()V+34
j  com.google.inject.Guice.createInjector(Lcom/google/inject/Stage;Ljava/lang/Iterable;)Lcom/google/inject/Injector;+4
j  com.google.inject.Guice.createInjector(Ljava/lang/Iterable;)Lcom/google/inject/Injector;+4
j  com.google.inject.Guice.createInjector([Lcom/google/inject/Module;)Lcom/google/inject/Injector;+4
j  org.codehaus.plexus.DefaultPlexusContainer.addPlexusInjector(Ljava/util/List;[Lcom/google/inject/Module;)Lcom/google/inject/Injector;+88
j  org.codehaus.plexus.DefaultPlexusContainer.<init>(Lorg/codehaus/plexus/ContainerConfiguration;[Lcom/google/inject/Module;)V+396
j  org.apache.maven.cli.MavenCli.container(Lorg/apache/maven/cli/CliRequest;)Lorg/codehaus/plexus/PlexusContainer;+279
j  org.apache.maven.cli.MavenCli.doMain(Lorg/apache/maven/cli/CliRequest;)I+34
j  org.apache.maven.cli.MavenCli.main([Ljava/lang/String;Lorg/codehaus/plexus/classworlds/ClassWorld;)I+24
j  java.lang.invoke.DirectMethodHandle$Holder.invokeStatic(Ljava/lang/Object;Ljava/lang/Object;Ljava/lang/Object;)I+11 java.base@21.0.1
j  java.lang.invoke.LambdaForm$MH+0x000001eb81009400.invoke(Ljava/lang/Object;Ljava/lang/Object;Ljava/lang/Object;Ljava/lang/Object;)Ljava/lang/Object;+54 java.base@21.0.1
j  java.lang.invoke.LambdaForm$MH+0x000001eb81009800.invokeExact_MT(Ljava/lang/Object;Ljava/lang/Object;Ljava/lang/Object;Ljava/lang/Object;Ljava/lang/Object;)Ljava/lang/Object;+22 java.base@21.0.1
j  jdk.internal.reflect.DirectMethodHandleAccessor.invokeImpl(Ljava/lang/Object;[Ljava/lang/Object;)Ljava/lang/Object;+72 java.base@21.0.1
j  jdk.internal.reflect.DirectMethodHandleAccessor.invoke(Ljava/lang/Object;[Ljava/lang/Object;)Ljava/lang/Object;+23 java.base@21.0.1
j  java.lang.reflect.Method.invoke(Ljava/lang/Object;[Ljava/lang/Object;)Ljava/lang/Object;+102 java.base@21.0.1
j  org.codehaus.plexus.classworlds.launcher.Launcher.launchEnhanced([Ljava/lang/String;)V+45
j  org.codehaus.plexus.classworlds.launcher.Launcher.launch([Ljava/lang/String;)V+2
j  org.codehaus.plexus.classworlds.launcher.Launcher.mainWithExitCode([Ljava/lang/String;)I+108
j  org.codehaus.plexus.classworlds.launcher.Launcher.main([Ljava/lang/String;)V+1
v  ~StubRoutines::call_stub 0x000001ebdfd5100d

Compiled method (c1)     376  756   !   3       java.security.AccessController::doPrivileged (26 bytes)
 total in heap  [0x000001ebd897ff90,0x000001ebd8980908] = 2424
 relocation     [0x000001ebd89800f0,0x000001ebd89801a0] = 176
 main code      [0x000001ebd89801a0,0x000001ebd8980618] = 1144
 stub code      [0x000001ebd8980618,0x000001ebd89806a0] = 136
 metadata       [0x000001ebd89806a0,0x000001ebd89806c0] = 32
 scopes data    [0x000001ebd89806c0,0x000001ebd8980790] = 208
 scopes pcs     [0x000001ebd8980790,0x000001ebd8980880] = 240
 dependencies   [0x000001ebd8980880,0x000001ebd8980888] = 8
 handler table  [0x000001ebd8980888,0x000001ebd89808f8] = 112
 nul chk table  [0x000001ebd89808f8,0x000001ebd8980908] = 16

[Constant Pool (empty)]

[MachCode]
[Verified Entry Point]
  # {method} {0x000001eb804783a0} 'doPrivileged' '(Ljava/security/PrivilegedExceptionAction;Ljava/security/AccessControlContext;)Ljava/lang/Object;' in 'java/security/AccessController'
  # parm0:    rdx:rdx   = 'java/security/PrivilegedExceptionAction'
  # parm1:    r8:r8     = 'java/security/AccessControlContext'
  #           [sp+0x80]  (sp of caller)
  0x000001ebd89801a0: 8984 2400 | 80ff ff55 | 4883 ec70 | 4181 7f20 | 0100 0000 

  0x000001ebd89801b4: ;   {runtime_call StubRoutines (final stubs)}
  0x000001ebd89801b4: 7405 e8a5 

  0x000001ebd89801b8: ;   {metadata(method data for {method} {0x000001eb804783a0} 'doPrivileged' '(Ljava/security/PrivilegedExceptionAction;Ljava/security/AccessControlContext;)Ljava/lang/Object;' in 'java/security/AccessController')}
  0x000001ebd89801b8: 4b40 0748 | beb0 2d0a | edeb 0100 | 008b becc | 0000 0083 | c702 89be | cc00 0000 | 81e7 fe07 
  0x000001ebd89801d8: 0000 83ff | 000f 8423 | 0300 004c | 8944 2440 | 4889 5424 

  0x000001ebd89801ec: ;   {metadata(method data for {method} {0x000001eb804783a0} 'doPrivileged' '(Ljava/security/PrivilegedExceptionAction;Ljava/security/AccessControlContext;)Ljava/lang/Object;' in 'java/security/AccessController')}
  0x000001ebd89801ec: 4848 beb0 | 2d0a edeb | 0100 0048 | 8386 1001 

  0x000001ebd89801fc: ;   {static_call}
  0x000001ebd89801fc: 0000 01e8 

  0x000001ebd8980200: ; ImmutableOopMap {[64]=Oop [72]=Oop }
                      ;*invokestatic getCallerClass {reexecute=0 rethrow=0 return_oop=0}
                      ; - java.security.AccessController::doPrivileged@0 (line 711)
  0x000001ebd8980200: dc4c 9907 

  0x000001ebd8980204: ;   {other}
  0x000001ebd8980204: 0f1f 8400 | 7402 0000 

  0x000001ebd898020c: ;   {metadata(method data for {method} {0x000001eb804783a0} 'doPrivileged' '(Ljava/security/PrivilegedExceptionAction;Ljava/security/AccessControlContext;)Ljava/lang/Object;' in 'java/security/AccessController')}
  0x000001ebd898020c: 48ba b02d | 0aed eb01 | 0000 4883 | 8220 0100 | 0001 488b | 5424 404c | 8bc0 4889 | 4424 500f 
  0x000001ebd898022c: ;   {static_call}
  0x000001ebd898022c: 1f40 00e8 

  0x000001ebd8980230: ; ImmutableOopMap {[72]=Oop [80]=Oop }
                      ;*invokestatic checkContext {reexecute=0 rethrow=0 return_oop=0}
                      ; - java.security.AccessController::doPrivileged@6 (line 712)
  0x000001ebd8980230: 0cd5 f7ff 

  0x000001ebd8980234: ;   {other}
  0x000001ebd8980234: 0f1f 8400 | a402 0001 | 4889 4424 

  0x000001ebd8980240: ;   {metadata(method data for {method} {0x000001eb804783a0} 'doPrivileged' '(Ljava/security/PrivilegedExceptionAction;Ljava/security/AccessControlContext;)Ljava/lang/Object;' in 'java/security/AccessController')}
  0x000001ebd8980240: 5848 bab0 | 2d0a edeb | 0100 0048 | 8382 3001 

  0x000001ebd8980250: ;   {metadata(method data for {method} {0x000001eb80478628} 'executePrivileged' '(Ljava/security/PrivilegedExceptionAction;Ljava/security/AccessControlContext;Ljava/lang/Class;)Ljava/lang/Object;' in 'java/security/AccessController')}
  0x000001ebd8980250: 0000 0148 | ba00 5113 | edeb 0100 | 008b b2cc | 0000 0083 | c602 89b2 | cc00 0000 | 81e6 feff 
  0x000001ebd8980270: 1f00 83fe | 000f 84ac | 0200 0048 

  0x000001ebd898027c: ;   {metadata(method data for {method} {0x000001eb80478628} 'executePrivileged' '(Ljava/security/PrivilegedExceptionAction;Ljava/security/AccessControlContext;Ljava/lang/Class;)Ljava/lang/Object;' in 'java/security/AccessController')}
  0x000001ebd898027c: 83f8 0048 | ba00 5113 | edeb 0100 | 0048 be10 | 0100 0000 | 0000 000f | 840a 0000 | 0048 be20 
  0x000001ebd898029c: 0100 0000 | 0000 0048 | 8b3c 3248 | 8d7f 0148 | 893c 320f | 8427 0000 

  0x000001ebd89802b4: ;   {metadata(method data for {method} {0x000001eb80478628} 'executePrivileged' '(Ljava/security/PrivilegedExceptionAction;Ljava/security/AccessControlContext;Ljava/lang/Class;)Ljava/lang/Object;' in 'java/security/AccessController')}
  0x000001ebd89802b4: 0048 ba00 | 5113 edeb | 0100 0048 | 8382 3001 | 0000 0148 | 8bd0 0f1f 

  0x000001ebd89802cc: ;   {static_call}
  0x000001ebd89802cc: 4400 00e8 

  0x000001ebd89802d0: ; ImmutableOopMap {[72]=Oop [80]=Oop [88]=Oop }
                      ;*invokestatic ensureMaterializedForStackWalk {reexecute=0 rethrow=0 return_oop=0}
                      ; - java.security.AccessController::executePrivileged@5 (line 805)
                      ; - java.security.AccessController::doPrivileged@13 (line 714)
  0x000001ebd89802d0: 0c8c 9907 

  0x000001ebd89802d4: ;   {other}
  0x000001ebd89802d4: 0f1f 8400 | 4403 0002 

  0x000001ebd89802dc: ;   {metadata(method data for {method} {0x000001eb80478628} 'executePrivileged' '(Ljava/security/PrivilegedExceptionAction;Ljava/security/AccessControlContext;Ljava/lang/Class;)Ljava/lang/Object;' in 'java/security/AccessController')}
  0x000001ebd89802dc: 48ba 0051 | 13ed eb01 | 0000 ff82 | 4001 0000 | 488b 5424 | 4848 3b02 

  0x000001ebd89802f4: ;   {metadata(method data for {method} {0x000001eb80478628} 'executePrivileged' '(Ljava/security/PrivilegedExceptionAction;Ljava/security/AccessControlContext;Ljava/lang/Class;)Ljava/lang/Object;' in 'java/security/AccessController')}
  0x000001ebd89802f4: 488b f248 | bf00 5113 | edeb 0100 | 008b 7608 | 49ba 0000 | 0080 eb01 | 0000 4903 | f248 3bb7 
  0x000001ebd8980314: b001 0000 | 750d 4883 | 87b8 0100 | 0001 e960 | 0000 0048 | 3bb7 c001 | 0000 750d | 4883 87c8 
  0x000001ebd8980334: 0100 0001 | e94a 0000 | 0048 83bf | b001 0000 | 0075 1748 | 89b7 b001 | 0000 48c7 | 87b8 0100 
  0x000001ebd8980354: 0001 0000 | 00e9 2900 | 0000 4883 | bfc0 0100 | 0000 7517 | 4889 b7c0 | 0100 0048 | c787 c801 
  0x000001ebd8980374: 0000 0100 | 0000 e908 | 0000 0048 | 8387 a001 | 0000 0166 | 0f1f 4400 | 0048 b8ff | ffff ffff 
  0x000001ebd8980394: ;   {virtual_call}
  0x000001ebd8980394: ffff ffe8 

  0x000001ebd8980398: ; ImmutableOopMap {[80]=Oop [88]=Oop }
                      ;*invokeinterface run {reexecute=0 rethrow=0 return_oop=0}
                      ; - java.security.AccessController::executePrivileged@29 (line 809)
                      ; - java.security.AccessController::doPrivileged@13 (line 714)
  0x000001ebd8980398: 84c9 4107 

  0x000001ebd898039c: ;   {other}
  0x000001ebd898039c: 0f1f 8400 | 0c04 0003 

  0x000001ebd89803a4: ;   {metadata(method data for {method} {0x000001eb80478628} 'executePrivileged' '(Ljava/security/PrivilegedExceptionAction;Ljava/security/AccessControlContext;Ljava/lang/Class;)Ljava/lang/Object;' in 'java/security/AccessController')}
  0x000001ebd89803a4: 48ba 0051 | 13ed eb01 | 0000 ff82 | d801 0000 | 488b 5424 

  0x000001ebd89803b8: ;   {metadata(method data for {method} {0x000001eb80478628} 'executePrivileged' '(Ljava/security/PrivilegedExceptionAction;Ljava/security/AccessControlContext;Ljava/lang/Class;)Ljava/lang/Object;' in 'java/security/AccessController')}
  0x000001ebd89803b8: 5049 b800 | 5113 edeb | 0100 0049 | 8380 3802 

  0x000001ebd89803c8: ;   {metadata(method data for {method} {0x000001eb8003d400} 'reachabilityFence' '(Ljava/lang/Object;)V' in 'java/lang/ref/Reference')}
  0x000001ebd89803c8: 0000 0149 | b8d0 4d08 | edeb 0100 | 0041 8bb0 | cc00 0000 | 83c6 0241 | 89b0 cc00 | 0000 81e6 
  0x000001ebd89803e8: feff 1f00 | 83fe 000f | 8458 0100 

  0x000001ebd89803f4: ;   {metadata(method data for {method} {0x000001eb80478628} 'executePrivileged' '(Ljava/security/PrivilegedExceptionAction;Ljava/security/AccessControlContext;Ljava/lang/Class;)Ljava/lang/Object;' in 'java/security/AccessController')}
  0x000001ebd89803f4: 0048 ba00 | 5113 edeb | 0100 0048 | 8382 4802 

  0x000001ebd8980404: ;   {metadata(method data for {method} {0x000001eb8003d400} 'reachabilityFence' '(Ljava/lang/Object;)V' in 'java/lang/ref/Reference')}
  0x000001ebd8980404: 0000 0148 | bad0 4d08 | edeb 0100 | 0044 8b82 | cc00 0000 | 4183 c002 | 4489 82cc | 0000 0041 
  0x000001ebd8980424: 81e0 feff | 1f00 4183 | f800 0f84 | 3a01 0000 | 4883 c470 

  0x000001ebd8980438: ;   {poll_return}
  0x000001ebd8980438: 5d49 3ba7 | 5004 0000 | 0f87 4901 | 0000 c349 | 8b87 0005 | 0000 4d33 | d24d 8997 | 0005 0000 
  0x000001ebd8980458: 4d33 d24d | 8997 0805 | 0000 4c8b 

  0x000001ebd8980464: ;   {metadata(method data for {method} {0x000001eb804783a0} 'doPrivileged' '(Ljava/security/PrivilegedExceptionAction;Ljava/security/AccessControlContext;)Ljava/lang/Object;' in 'java/security/AccessController')}
  0x000001ebd8980464: c048 bab0 | 2d0a edeb | 0100 0048 | 8382 4001 

  0x000001ebd8980474: ;   {metadata(method data for {method} {0x000001eb80477f60} 'wrapException' '(Ljava/lang/Exception;)Ljava/security/PrivilegedActionException;' in 'java/security/AccessController')}
  0x000001ebd8980474: 0000 0148 | bac0 4b17 | edeb 0100 | 008b 82cc | 0000 0083 | c002 8982 | cc00 0000 | 25fe ff1f 
  0x000001ebd8980494: 0083 f800 | 0f84 0701 | 0000 6690 

  0x000001ebd89804a0: ;   {no_reloc}
  0x000001ebd89804a0: e930 0100 | 0000 0000 | 0000 e930 | 0100 0048 

  0x000001ebd89804b0: ;   {metadata(method data for {method} {0x000001eb80477f60} 'wrapException' '(Ljava/lang/Exception;)Ljava/security/PrivilegedActionException;' in 'java/security/AccessController')}
  0x000001ebd89804b0: 8bd0 48be | c04b 17ed | eb01 0000 | 4883 8610 | 0100 0001 | 488b d048 | 8944 2460 

  0x000001ebd89804cc: ;   {optimized virtual_call}
  0x000001ebd89804cc: 6666 90e8 

  0x000001ebd89804d0: ; ImmutableOopMap {[96]=Oop }
                      ;*invokespecial <init> {reexecute=0 rethrow=0 return_oop=0}
                      ; - java.security.AccessController::wrapException@5 (line 830)
                      ; - java.security.AccessController::doPrivileged@22 (line 718)
  0x000001ebd89804d0: ace5 4107 

  0x000001ebd89804d4: ;   {other}
  0x000001ebd89804d4: 0f1f 8400 | 4405 0004 | 488b 4424 | 60e9 2301 | 0000 498b | 8700 0500 | 004d 33d2 | 4d89 9700 
  0x000001ebd89804f4: 0500 004d | 33d2 4d89 | 9708 0500 | 00e9 0301 

  0x000001ebd8980504: ;   {metadata({method} {0x000001eb804783a0} 'doPrivileged' '(Ljava/security/PrivilegedExceptionAction;Ljava/security/AccessControlContext;)Ljava/lang/Object;' in 'java/security/AccessController')}
  0x000001ebd8980504: 0000 49ba | 9883 4780 | eb01 0000 | 4c89 5424 | 0848 c704 | 24ff ffff 

  0x000001ebd898051c: ;   {runtime_call counter_overflow Runtime1 stub}
  0x000001ebd898051c: ffe8 5e87 

  0x000001ebd8980520: ; ImmutableOopMap {rdx=Oop r8=Oop }
                      ;*synchronization entry
                      ; - java.security.AccessController::doPrivileged@-1 (line 711)
  0x000001ebd8980520: 4e07 e9bc 

  0x000001ebd8980524: ;   {metadata({method} {0x000001eb80478628} 'executePrivileged' '(Ljava/security/PrivilegedExceptionAction;Ljava/security/AccessControlContext;Ljava/lang/Class;)Ljava/lang/Object;' in 'java/security/AccessController')}
  0x000001ebd8980524: fcff ff49 | ba20 8647 | 80eb 0100 | 004c 8954 | 2408 48c7 | 0424 ffff 

  0x000001ebd898053c: ;   {runtime_call counter_overflow Runtime1 stub}
  0x000001ebd898053c: ffff e83d 

  0x000001ebd8980540: ; ImmutableOopMap {rax=Oop [72]=Oop [80]=Oop [88]=Oop }
                      ;*synchronization entry
                      ; - java.security.AccessController::executePrivileged@-1 (line 804)
                      ; - java.security.AccessController::doPrivileged@13 (line 714)
  0x000001ebd8980540: 874e 07e9 | 33fd ffff 

  0x000001ebd8980548: ;   {runtime_call throw_null_pointer_exception Runtime1 stub}
  0x000001ebd8980548: e8b3 1e4e 

  0x000001ebd898054c: ; ImmutableOopMap {rdx=Oop [80]=Oop [88]=Oop }
                      ;*invokeinterface run {reexecute=0 rethrow=0 return_oop=0}
                      ; - java.security.AccessController::executePrivileged@29 (line 809)
                      ; - java.security.AccessController::doPrivileged@13 (line 714)
                      ;   {metadata({method} {0x000001eb8003d400} 'reachabilityFence' '(Ljava/lang/Object;)V' in 'java/lang/ref/Reference')}
  0x000001ebd898054c: 0749 baf8 | d303 80eb | 0100 004c | 8954 2408 | 48c7 0424 | ffff ffff 

  0x000001ebd8980564: ;   {runtime_call counter_overflow Runtime1 stub}
  0x000001ebd8980564: e817 874e 

  0x000001ebd8980568: ; ImmutableOopMap {rax=Oop rdx=Oop }
                      ;*synchronization entry
                      ; - java.lang.ref.Reference::reachabilityFence@-1 (line 628)
                      ; - java.security.AccessController::executePrivileged@56 (line 814)
                      ; - java.security.AccessController::doPrivileged@13 (line 714)
  0x000001ebd8980568: 07e9 87fe 

  0x000001ebd898056c: ;   {metadata({method} {0x000001eb8003d400} 'reachabilityFence' '(Ljava/lang/Object;)V' in 'java/lang/ref/Reference')}
  0x000001ebd898056c: ffff 49ba | f8d3 0380 | eb01 0000 | 4c89 5424 | 0848 c704 | 24ff ffff 

  0x000001ebd8980584: ;   {runtime_call counter_overflow Runtime1 stub}
  0x000001ebd8980584: ffe8 f686 

  0x000001ebd8980588: ; ImmutableOopMap {rax=Oop }
                      ;*synchronization entry
                      ; - java.lang.ref.Reference::reachabilityFence@-1 (line 628)
                      ; - java.security.AccessController::executePrivileged@60 (line 815)
                      ; - java.security.AccessController::doPrivileged@13 (line 714)
  0x000001ebd8980588: 4e07 e9a5 

  0x000001ebd898058c: ;   {internal_word}
  0x000001ebd898058c: feff ff49 | ba39 0498 | d8eb 0100 | 004d 8997 | 6804 0000 

  0x000001ebd89805a0: ;   {runtime_call SafepointBlob}
  0x000001ebd89805a0: e95b 5142 

  0x000001ebd89805a4: ;   {metadata({method} {0x000001eb80477f60} 'wrapException' '(Ljava/lang/Exception;)Ljava/security/PrivilegedActionException;' in 'java/security/AccessController')}
  0x000001ebd89805a4: 0749 ba58 | 7f47 80eb | 0100 004c | 8954 2408 | 48c7 0424 | ffff ffff 

  0x000001ebd89805bc: ;   {runtime_call counter_overflow Runtime1 stub}
  0x000001ebd89805bc: e8bf 864e 

  0x000001ebd89805c0: ; ImmutableOopMap {r8=Oop }
                      ;*synchronization entry
                      ; - java.security.AccessController::wrapException@-1 (line 830)
                      ; - java.security.AccessController::doPrivileged@22 (line 718)
  0x000001ebd89805c0: 07e9 d8fe 

  0x000001ebd89805c4: ;   {metadata(nullptr)}
  0x000001ebd89805c4: ffff 48ba | 0000 0000 | 0000 0000 | b800 0f05 

  0x000001ebd89805d4: ;   {runtime_call load_klass_patching Runtime1 stub}
  0x000001ebd89805d4: 0ae8 2676 

  0x000001ebd89805d8: ; ImmutableOopMap {r8=Oop }
                      ;*new {reexecute=1 rethrow=0 return_oop=0}
                      ; - (reexecute) java.security.AccessController::wrapException@0 (line 830)
                      ; - java.security.AccessController::doPrivileged@22 (line 718)
  0x000001ebd89805d8: 4e07 e9c1 | feff ff48 

  0x000001ebd89805e0: ;   {runtime_call new_instance Runtime1 stub}
  0x000001ebd89805e0: 8bd2 e819 

  0x000001ebd89805e4: ; ImmutableOopMap {r8=Oop }
                      ;*new {reexecute=0 rethrow=0 return_oop=0}
                      ; - java.security.AccessController::wrapException@0 (line 830)
                      ; - java.security.AccessController::doPrivileged@22 (line 718)
  0x000001ebd89805e4: 244e 07e9 | c3fe ffff | 498b 8700 | 0500 0049 | c787 0005 | 0000 0000 | 0000 49c7 | 8708 0500 
  0x000001ebd8980604: 0000 0000 | 0048 83c4 

  0x000001ebd898060c: ;   {runtime_call unwind_exception Runtime1 stub}
  0x000001ebd898060c: 705d e96d | 014e 07f4 | f4f4 f4f4 
[Stub Code]
  0x000001ebd8980618: ;   {no_reloc}
  0x000001ebd8980618: 0f1f 4400 

  0x000001ebd898061c: ;   {static_stub}
  0x000001ebd898061c: 0048 bb00 | 0000 0000 

  0x000001ebd8980624: ;   {runtime_call}
  0x000001ebd8980624: 0000 00e9 | fbff ffff 

  0x000001ebd898062c: ;   {static_stub}
  0x000001ebd898062c: 9048 bb00 | 0000 0000 

  0x000001ebd8980634: ;   {runtime_call}
  0x000001ebd8980634: 0000 00e9 | fbff ffff 

  0x000001ebd898063c: ;   {static_stub}
  0x000001ebd898063c: 48bb 0000 | 0000 0000 

  0x000001ebd8980644: ;   {runtime_call}
  0x000001ebd8980644: 0000 e9fb 

  0x000001ebd8980648: ;   {static_stub}
  0x000001ebd8980648: ffff ff48 | bb00 0000 | 0000 0000 

  0x000001ebd8980654: ;   {runtime_call}
  0x000001ebd8980654: 00e9 fbff 

  0x000001ebd8980658: ;   {static_stub}
  0x000001ebd8980658: ffff 48bb | 0000 0000 | 0000 0000 

  0x000001ebd8980664: ;   {runtime_call}
  0x000001ebd8980664: e9fb ffff 

  0x000001ebd8980668: ;   {runtime_call handle_exception_from_callee Runtime1 stub}
  0x000001ebd8980668: ffe8 924e 

  0x000001ebd898066c: ;   {external_word}
  0x000001ebd898066c: 4e07 48b9 | 0028 1e87 | fe7f 0000 | 4883 e4f0 

  0x000001ebd898067c: ;   {runtime_call}
  0x000001ebd898067c: 48b8 e00f | e686 fe7f | 0000 ffd0 

  0x000001ebd8980688: ;   {section_word}
  0x000001ebd8980688: f449 ba89 | 0698 d8eb | 0100 0041 

  0x000001ebd8980694: ;   {runtime_call DeoptimizationBlob}
  0x000001ebd8980694: 52e9 0643 | 4207 f4f4 | f4f4 f4f4 
[/MachCode]


Compiled method (c1)     395  785       3       org.codehaus.plexus.classworlds.strategy.SelfFirstStrategy::loadClass (50 bytes)
 total in heap  [0x000001ebd8993490,0x000001ebd89943a0] = 3856
 relocation     [0x000001ebd89935f0,0x000001ebd89936b8] = 200
 main code      [0x000001ebd89936c0,0x000001ebd8994030] = 2416
 stub code      [0x000001ebd8994030,0x000001ebd89940c8] = 152
 oops           [0x000001ebd89940c8,0x000001ebd89940d0] = 8
 metadata       [0x000001ebd89940d0,0x000001ebd8994110] = 64
 scopes data    [0x000001ebd8994110,0x000001ebd89941d0] = 192
 scopes pcs     [0x000001ebd89941d0,0x000001ebd89942f0] = 288
 dependencies   [0x000001ebd89942f0,0x000001ebd8994310] = 32
 handler table  [0x000001ebd8994310,0x000001ebd8994370] = 96
 nul chk table  [0x000001ebd8994370,0x000001ebd89943a0] = 48

[Constant Pool (empty)]

[MachCode]
[Entry Point]
  # {method} {0x000001ebed40f088} 'loadClass' '(Ljava/lang/String;)Ljava/lang/Class;' in 'org/codehaus/plexus/classworlds/strategy/SelfFirstStrategy'
  # this:     rdx:rdx   = 'org/codehaus/plexus/classworlds/strategy/SelfFirstStrategy'
  # parm0:    r8:r8     = 'java/lang/String'
  #           [sp+0x80]  (sp of caller)
  0x000001ebd89936c0: 448b 5208 | 49bb 0000 | 0080 eb01 | 0000 4d03 | d34c 3bd0 

  0x000001ebd89936d4: ;   {runtime_call ic_miss_stub}
  0x000001ebd89936d4: 0f85 a6b0 | 4007 660f | 1f44 0000 
[Verified Entry Point]
  0x000001ebd89936e0: 8984 2400 | 80ff ff55 | 4883 ec70 | 4181 7f20 | 0100 0000 

  0x000001ebd89936f4: ;   {runtime_call StubRoutines (final stubs)}
  0x000001ebd89936f4: 7405 e865 | 163f 0748 | 8954 2450 

  0x000001ebd8993700: ;   {metadata(method data for {method} {0x000001ebed40f088} 'loadClass' '(Ljava/lang/String;)Ljava/lang/Class;' in 'org/codehaus/plexus/classworlds/strategy/SelfFirstStrategy')}
  0x000001ebd8993700: 48be f856 | 41ed eb01 | 0000 8bbe | cc00 0000 | 83c7 0289 | becc 0000 | 0081 e7fe | 0700 0083 
  0x000001ebd8993720: ff00 0f84 | 2608 0000 | 8b72 0c48 | 3b06 488b 

  0x000001ebd8993730: ;   {metadata(method data for {method} {0x000001ebed40f088} 'loadClass' '(Ljava/lang/String;)Ljava/lang/Class;' in 'org/codehaus/plexus/classworlds/strategy/SelfFirstStrategy')}
  0x000001ebd8993730: fe48 bbf8 | 5641 edeb | 0100 008b | 7f08 49ba | 0000 0080 | eb01 0000 | 4903 fa48 | 3bbb 2001 
  0x000001ebd8993750: 0000 750d | 4883 8328 | 0100 0001 | e960 0000 | 0048 3bbb | 3001 0000 | 750d 4883 | 8338 0100 
  0x000001ebd8993770: 0001 e94a | 0000 0048 | 83bb 2001 | 0000 0075 | 1748 89bb | 2001 0000 | 48c7 8328 | 0100 0001 
  0x000001ebd8993790: 0000 00e9 | 2900 0000 | 4883 bb30 | 0100 0000 | 7517 4889 | bb30 0100 | 0048 c783 | 3801 0000 
  0x000001ebd89937b0: 0100 0000 | e908 0000 | 0048 8383 | 1001 0000 

  0x000001ebd89937c0: ;   {metadata(method data for {method} {0x000001ebed405098} 'loadClassFromImport' '(Ljava/lang/String;)Ljava/lang/Class;' in 'org/codehaus/plexus/classworlds/realm/ClassRealm')}
  0x000001ebd89937c0: 0148 bf00 | 5d41 edeb | 0100 008b | 9fcc 0000 | 0083 c302 | 899f cc00 | 0000 81e3 | feff 1f00 
  0x000001ebd89937e0: 83fb 000f | 848b 0700 | 0048 8bfe 

  0x000001ebd89937ec: ;   {metadata(method data for {method} {0x000001ebed405098} 'loadClassFromImport' '(Ljava/lang/String;)Ljava/lang/Class;' in 'org/codehaus/plexus/classworlds/realm/ClassRealm')}
  0x000001ebd89937ec: 48bb 005d | 41ed eb01 | 0000 8b7f | 0849 ba00 | 0000 80eb | 0100 0049 | 03fa 483b | bb20 0100 
  0x000001ebd899380c: 0075 0d48 | 8383 2801 | 0000 01e9 | 6000 0000 | 483b bb30 | 0100 0075 | 0d48 8383 | 3801 0000 
  0x000001ebd899382c: 01e9 4a00 | 0000 4883 | bb20 0100 | 0000 7517 | 4889 bb20 | 0100 0048 | c783 2801 | 0000 0100 
  0x000001ebd899384c: 0000 e929 | 0000 0048 | 83bb 3001 | 0000 0075 | 1748 89bb | 3001 0000 | 48c7 8338 | 0100 0001 
  0x000001ebd899386c: 0000 00e9 | 0800 0000 | 4883 8310 | 0100 0001 | 498b f84c | 8bc7 488b | d648 897c | 2448 0f1f 
  0x000001ebd899388c: ;   {optimized virtual_call}
  0x000001ebd899388c: 4400 00e8 

  0x000001ebd8993890: ; ImmutableOopMap {[72]=Oop [80]=Oop }
                      ;*invokevirtual getImportClassLoader {reexecute=0 rethrow=0 return_oop=0}
                      ; - org.codehaus.plexus.classworlds.realm.ClassRealm::loadClassFromImport@2 (line 405)
                      ; - org.codehaus.plexus.classworlds.strategy.SelfFirstStrategy::loadClass@5 (line 38)
  0x000001ebd8993890: 2c51 ffff 

  0x000001ebd8993894: ;   {other}
  0x000001ebd8993894: 0f1f 8400 | 0404 0000 | 4883 f800 

  0x000001ebd89938a0: ;   {metadata(method data for {method} {0x000001ebed405098} 'loadClassFromImport' '(Ljava/lang/String;)Ljava/lang/Class;' in 'org/codehaus/plexus/classworlds/realm/ClassRealm')}
  0x000001ebd89938a0: 49b8 005d | 41ed eb01 | 0000 48ba | 4801 0000 | 0000 0000 | 0f84 0a00 | 0000 48ba | 5801 0000 
  0x000001ebd89938c0: 0000 0000 | 498b 3410 | 488d 7601 | 4989 3410 | 0f84 bb00 | 0000 483b | 004c 8bc0 

  0x000001ebd89938dc: ;   {metadata(method data for {method} {0x000001ebed405098} 'loadClassFromImport' '(Ljava/lang/String;)Ljava/lang/Class;' in 'org/codehaus/plexus/classworlds/realm/ClassRealm')}
  0x000001ebd89938dc: 48ba 005d | 41ed eb01 | 0000 458b | 4008 49ba | 0000 0080 | eb01 0000 | 4d03 c24c | 3b82 7801 
  0x000001ebd89938fc: 0000 750d | 4883 8280 | 0100 0001 | e960 0000 | 004c 3b82 | 8801 0000 | 750d 4883 | 8290 0100 
  0x000001ebd899391c: 0001 e94a | 0000 0048 | 83ba 7801 | 0000 0075 | 174c 8982 | 7801 0000 | 48c7 8280 | 0100 0001 
  0x000001ebd899393c: 0000 00e9 | 2900 0000 | 4883 ba88 | 0100 0000 | 7517 4c89 | 8288 0100 | 0048 c782 | 9001 0000 
  0x000001ebd899395c: 0100 0000 | e908 0000 | 0048 8382 | 6801 0000 | 014c 8b44 | 2448 488b | d048 b8ff | ffff ffff 
  0x000001ebd899397c: ;   {virtual_call}
  0x000001ebd899397c: ffff ffe8 

  0x000001ebd8993980: ; ImmutableOopMap {[72]=Oop [80]=Oop }
                      ;*invokevirtual loadClass {reexecute=0 rethrow=0 return_oop=0}
                      ; - org.codehaus.plexus.classworlds.realm.ClassRealm::loadClassFromImport@12 (line 411)
                      ; - org.codehaus.plexus.classworlds.strategy.SelfFirstStrategy::loadClass@5 (line 38)
  0x000001ebd8993980: fcb3 4007 

  0x000001ebd8993984: ;   {other}
  0x000001ebd8993984: 0f1f 8400 | f404 0001 | e934 0000 

  0x000001ebd8993990: ;   {oop(nullptr)}
  0x000001ebd8993990: 0048 b800 | 0000 0000 | 0000 00e9 | 2500 0000 | 498b 8700 | 0500 004d | 33d2 4d89 | 9700 0500 
  0x000001ebd89939b0: 004d 33d2 | 4d89 9708 

  0x000001ebd89939b8: ;   {oop(nullptr)}
  0x000001ebd89939b8: 0500 0048 | b800 0000 | 0000 0000 | 0048 83f8 

  0x000001ebd89939c8: ;   {metadata(method data for {method} {0x000001ebed40f088} 'loadClass' '(Ljava/lang/String;)Ljava/lang/Class;' in 'org/codehaus/plexus/classworlds/strategy/SelfFirstStrategy')}
  0x000001ebd89939c8: 0049 b8f8 | 5641 edeb | 0100 0048 | ba48 0100 | 0000 0000 | 000f 850a | 0000 0048 | ba58 0100 
  0x000001ebd89939e8: 0000 0000 | 0049 8b34 | 1048 8d76 | 0149 8934 | 100f 85a7 | 0400 0048 | 8b54 2450 | 8b72 0c48 
  0x000001ebd8993a08: 3b06 4c8b 

  0x000001ebd8993a0c: ;   {metadata(method data for {method} {0x000001ebed40f088} 'loadClass' '(Ljava/lang/String;)Ljava/lang/Class;' in 'org/codehaus/plexus/classworlds/strategy/SelfFirstStrategy')}
  0x000001ebd8993a0c: c648 bff8 | 5641 edeb | 0100 0045 | 8b40 0849 | ba00 0000 | 80eb 0100 | 004d 03c2 | 4c3b 8778 
  0x000001ebd8993a2c: 0100 0075 | 0d48 8387 | 8001 0000 | 01e9 6000 | 0000 4c3b | 8788 0100 | 0075 0d48 | 8387 9001 
  0x000001ebd8993a4c: 0000 01e9 | 4a00 0000 | 4883 bf78 | 0100 0000 | 7517 4c89 | 8778 0100 | 0048 c787 | 8001 0000 
  0x000001ebd8993a6c: 0100 0000 | e929 0000 | 0048 83bf | 8801 0000 | 0075 174c | 8987 8801 | 0000 48c7 | 8790 0100 
  0x000001ebd8993a8c: 0001 0000 | 00e9 0800 | 0000 4883 | 8768 0100 | 0001 4c8b | 4424 4848 

  0x000001ebd8993aa4: ;   {optimized virtual_call}
  0x000001ebd8993aa4: 8bd6 90e8 

  0x000001ebd8993aa8: ; ImmutableOopMap {[72]=Oop [80]=Oop }
                      ;*invokevirtual loadClassFromSelf {reexecute=0 rethrow=0 return_oop=0}
                      ; - org.codehaus.plexus.classworlds.strategy.SelfFirstStrategy::loadClass@18 (line 42)
  0x000001ebd8993aa8: a905 0000 

  0x000001ebd8993aac: ;   {other}
  0x000001ebd8993aac: 0f1f 8400 | 1c06 0002 | 4883 f800 

  0x000001ebd8993ab8: ;   {metadata(method data for {method} {0x000001ebed40f088} 'loadClass' '(Ljava/lang/String;)Ljava/lang/Class;' in 'org/codehaus/plexus/classworlds/strategy/SelfFirstStrategy')}
  0x000001ebd8993ab8: 49b8 f856 | 41ed eb01 | 0000 48ba | a001 0000 | 0000 0000 | 0f85 0a00 | 0000 48ba | b001 0000 
  0x000001ebd8993ad8: 0000 0000 | 498b 3410 | 488d 7601 | 4989 3410 | 0f85 b803 | 0000 488b | 5424 508b | 520c 483b 
  0x000001ebd8993af8: 024c 8bc2 

  0x000001ebd8993afc: ;   {metadata(method data for {method} {0x000001ebed40f088} 'loadClass' '(Ljava/lang/String;)Ljava/lang/Class;' in 'org/codehaus/plexus/classworlds/strategy/SelfFirstStrategy')}
  0x000001ebd8993afc: 48be f856 | 41ed eb01 | 0000 458b | 4008 49ba | 0000 0080 | eb01 0000 | 4d03 c24c | 3b86 d001 
  0x000001ebd8993b1c: 0000 750d | 4883 86d8 | 0100 0001 | e960 0000 | 004c 3b86 | e001 0000 | 750d 4883 | 86e8 0100 
  0x000001ebd8993b3c: 0001 e94a | 0000 0048 | 83be d001 | 0000 0075 | 174c 8986 | d001 0000 | 48c7 86d8 | 0100 0001 
  0x000001ebd8993b5c: 0000 00e9 | 2900 0000 | 4883 bee0 | 0100 0000 | 7517 4c89 | 86e0 0100 | 0048 c786 | e801 0000 
  0x000001ebd8993b7c: 0100 0000 | e908 0000 | 0048 8386 | c001 0000 

  0x000001ebd8993b8c: ;   {metadata(method data for {method} {0x000001ebed4054e8} 'loadClassFromParent' '(Ljava/lang/String;)Ljava/lang/Class;' in 'org/codehaus/plexus/classworlds/realm/ClassRealm')}
  0x000001ebd8993b8c: 0149 b8e0 | 6041 edeb | 0100 0041 | 8bb0 cc00 | 0000 83c6 | 0241 89b0 | cc00 0000 | 81e6 feff 
  0x000001ebd8993bac: 1f00 83fe | 000f 84ed | 0300 004c 

  0x000001ebd8993bb8: ;   {metadata(method data for {method} {0x000001ebed4054e8} 'loadClassFromParent' '(Ljava/lang/String;)Ljava/lang/Class;' in 'org/codehaus/plexus/classworlds/realm/ClassRealm')}
  0x000001ebd8993bb8: 8bc2 48be | e060 41ed | eb01 0000 | 458b 4008 | 49ba 0000 | 0080 eb01 | 0000 4d03 | c24c 3b86 
  0x000001ebd8993bd8: 2001 0000 | 750d 4883 | 8628 0100 | 0001 e960 | 0000 004c | 3b86 3001 | 0000 750d | 4883 8638 
  0x000001ebd8993bf8: 0100 0001 | e94a 0000 | 0048 83be | 2001 0000 | 0075 174c | 8986 2001 | 0000 48c7 | 8628 0100 
  0x000001ebd8993c18: 0001 0000 | 00e9 2900 | 0000 4883 | be30 0100 | 0000 7517 | 4c89 8630 | 0100 0048 | c786 3801 
  0x000001ebd8993c38: 0000 0100 | 0000 e908 | 0000 0048 | 8386 1001 | 0000 018b | 7274 4883 

  0x000001ebd8993c50: ;   {metadata(method data for {method} {0x000001ebed4054e8} 'loadClassFromParent' '(Ljava/lang/String;)Ljava/lang/Class;' in 'org/codehaus/plexus/classworlds/realm/ClassRealm')}
  0x000001ebd8993c50: fe00 49b8 | e060 41ed | eb01 0000 | 48bf 4801 | 0000 0000 | 0000 0f84 | 0a00 0000 | 48bf 5801 
  0x000001ebd8993c70: 0000 0000 | 0000 498b | 1c38 488d | 5b01 4989 | 1c38 0f84 | e500 0000 | 4889 7424 | 584c 8bc2 
  0x000001ebd8993c90: ;   {metadata(method data for {method} {0x000001ebed4054e8} 'loadClassFromParent' '(Ljava/lang/String;)Ljava/lang/Class;' in 'org/codehaus/plexus/classworlds/realm/ClassRealm')}
  0x000001ebd8993c90: 48bf e060 | 41ed eb01 | 0000 458b | 4008 49ba | 0000 0080 | eb01 0000 | 4d03 c24c | 3b87 7801 
  0x000001ebd8993cb0: 0000 750d | 4883 8780 | 0100 0001 | e960 0000 | 004c 3b87 | 8801 0000 | 750d 4883 | 8790 0100 
  0x000001ebd8993cd0: 0001 e94a | 0000 0048 | 83bf 7801 | 0000 0075 | 174c 8987 | 7801 0000 | 48c7 8780 | 0100 0001 
  0x000001ebd8993cf0: 0000 00e9 | 2900 0000 | 4883 bf88 | 0100 0000 | 7517 4c89 | 8788 0100 | 0048 c787 | 9001 0000 
  0x000001ebd8993d10: 0100 0000 | e908 0000 | 0048 8387 | 6801 0000 | 014c 8b44 

  0x000001ebd8993d24: ;   {optimized virtual_call}
  0x000001ebd8993d24: 2448 90e8 

  0x000001ebd8993d28: ; ImmutableOopMap {[72]=Oop [88]=Oop }
                      ;*invokevirtual isImportedFromParent {reexecute=0 rethrow=0 return_oop=0}
                      ; - org.codehaus.plexus.classworlds.realm.ClassRealm::loadClassFromParent@11 (line 472)
                      ; - org.codehaus.plexus.classworlds.strategy.SelfFirstStrategy::loadClass@31 (line 46)
  0x000001ebd8993d28: 54ad 4007 

  0x000001ebd8993d2c: ;   {other}
  0x000001ebd8993d2c: 0f1f 8400 | 9c08 0003 

  0x000001ebd8993d34: ;   {metadata(method data for {method} {0x000001ebed4054e8} 'loadClassFromParent' '(Ljava/lang/String;)Ljava/lang/Class;' in 'org/codehaus/plexus/classworlds/realm/ClassRealm')}
  0x000001ebd8993d34: 83f8 0049 | b8e0 6041 | edeb 0100 | 0048 bab0 | 0100 0000 | 0000 000f | 850a 0000 | 0048 baa0 
  0x000001ebd8993d54: 0100 0000 | 0000 0049 | 8b34 1048 | 8d76 0149 | 8934 100f | 850f 0000 

  0x000001ebd8993d6c: ;   {oop(nullptr)}
  0x000001ebd8993d6c: 0048 be00 | 0000 0000 | 0000 00e9 | ed00 0000 | 488b 7424 | 5848 3b06 

  0x000001ebd8993d84: ;   {metadata(method data for {method} {0x000001ebed4054e8} 'loadClassFromParent' '(Ljava/lang/String;)Ljava/lang/Class;' in 'org/codehaus/plexus/classworlds/realm/ClassRealm')}
  0x000001ebd8993d84: 4c8b c648 | bae0 6041 | edeb 0100 | 0045 8b40 | 0849 ba00 | 0000 80eb | 0100 004d | 03c2 4c3b 
  0x000001ebd8993da4: 82d0 0100 | 0075 0d48 | 8382 d801 | 0000 01e9 | 6000 0000 | 4c3b 82e0 | 0100 0075 | 0d48 8382 
  0x000001ebd8993dc4: e801 0000 | 01e9 4a00 | 0000 4883 | bad0 0100 | 0000 7517 | 4c89 82d0 | 0100 0048 | c782 d801 
  0x000001ebd8993de4: 0000 0100 | 0000 e929 | 0000 0048 | 83ba e001 | 0000 0075 | 174c 8982 | e001 0000 | 48c7 82e8 
  0x000001ebd8993e04: 0100 0001 | 0000 00e9 | 0800 0000 | 4883 82c0 | 0100 0001 | 4c8b 4424 | 4848 8bd6 | 0f1f 4400 
  0x000001ebd8993e24: 0048 b8ff | ffff ffff 

  0x000001ebd8993e2c: ;   {virtual_call}
  0x000001ebd8993e2c: ffff ffe8 

  0x000001ebd8993e30: ; ImmutableOopMap {[72]=Oop }
                      ;*invokevirtual loadClass {reexecute=0 rethrow=0 return_oop=0}
                      ; - org.codehaus.plexus.classworlds.realm.ClassRealm::loadClassFromParent@19 (line 476)
                      ; - org.codehaus.plexus.classworlds.strategy.SelfFirstStrategy::loadClass@31 (line 46)
  0x000001ebd8993e30: 4caf 4007 

  0x000001ebd8993e34: ;   {other}
  0x000001ebd8993e34: 0f1f 8400 | a409 0004 | 488b f0e9 | 2500 0000 | 498b 8700 | 0500 004d | 33d2 4d89 | 9700 0500 
  0x000001ebd8993e54: 004d 33d2 | 4d89 9708 

  0x000001ebd8993e5c: ;   {oop(nullptr)}
  0x000001ebd8993e5c: 0500 0048 | be00 0000 | 0000 0000 | 0048 83fe 

  0x000001ebd8993e6c: ;   {metadata(method data for {method} {0x000001ebed40f088} 'loadClass' '(Ljava/lang/String;)Ljava/lang/Class;' in 'org/codehaus/plexus/classworlds/strategy/SelfFirstStrategy')}
  0x000001ebd8993e6c: 0048 b8f8 | 5641 edeb | 0100 0048 | ba08 0200 | 0000 0000 | 000f 840a | 0000 0048 | baf8 0100 
  0x000001ebd8993e8c: 0000 0000 | 0048 8b3c | 1048 8d7f | 0148 893c | 100f 8416 | 0000 0048 | 8bc6 4883 

  0x000001ebd8993ea8: ;   {poll_return}
  0x000001ebd8993ea8: c470 5d49 | 3ba7 5004 | 0000 0f87 | 1201 0000 | c34c 8b44 | 2448 6690 

  0x000001ebd8993ec0: ;   {no_reloc}
  0x000001ebd8993ec0: e92a 0100 | 0000 0000 | 0000 498b | 87b8 0100 | 0048 8d78 | 2849 3bbf | c801 0000 | 0f87 1701 
  0x000001ebd8993ee0: 0000 4989 | bfb8 0100 | 0048 c700 | 0100 0000 | 488b ca49 | ba00 0000 | 80eb 0100 | 0049 2bca 
  0x000001ebd8993f00: 8948 0848 | 33c9 8948 | 0c48 33c9 | 4889 4810 | 4889 4818 | 4889 4820 

  0x000001ebd8993f18: ;   {metadata(method data for {method} {0x000001ebed40f088} 'loadClass' '(Ljava/lang/String;)Ljava/lang/Class;' in 'org/codehaus/plexus/classworlds/strategy/SelfFirstStrategy')}
  0x000001ebd8993f18: 488b d048 | bef8 5641 | edeb 0100 | 0048 8386 | 1802 0000 | 0148 8bd0 | 4889 4424 

  0x000001ebd8993f34: ;   {optimized virtual_call}
  0x000001ebd8993f34: 6066 90e8 

  0x000001ebd8993f38: ; ImmutableOopMap {[96]=Oop }
                      ;*invokespecial <init> {reexecute=0 rethrow=0 return_oop=0}
                      ; - org.codehaus.plexus.classworlds.strategy.SelfFirstStrategy::loadClass@44 (line 50)
  0x000001ebd8993f38: 44ab 4007 

  0x000001ebd8993f3c: ;   {other}
  0x000001ebd8993f3c: 0f1f 8400 | ac0a 0005 | 488b 4424 | 60e9 d500 

  0x000001ebd8993f4c: ;   {metadata({method} {0x000001ebed40f088} 'loadClass' '(Ljava/lang/String;)Ljava/lang/Class;' in 'org/codehaus/plexus/classworlds/strategy/SelfFirstStrategy')}
  0x000001ebd8993f4c: 0000 49ba | 80f0 40ed | eb01 0000 | 4c89 5424 | 0848 c704 | 24ff ffff 

  0x000001ebd8993f64: ;   {runtime_call counter_overflow Runtime1 stub}
  0x000001ebd8993f64: ffe8 164d 

  0x000001ebd8993f68: ; ImmutableOopMap {rdx=Oop r8=Oop [80]=Oop }
                      ;*synchronization entry
                      ; - org.codehaus.plexus.classworlds.strategy.SelfFirstStrategy::loadClass@-1 (line 38)
  0x000001ebd8993f68: 4d07 e9b9 

  0x000001ebd8993f6c: ;   {runtime_call throw_null_pointer_exception Runtime1 stub}
  0x000001ebd8993f6c: f7ff ffe8 

  0x000001ebd8993f70: ; ImmutableOopMap {rdx=Oop r8=Oop rsi=Oop [80]=Oop }
                      ;*invokevirtual loadClassFromImport {reexecute=0 rethrow=0 return_oop=0}
                      ; - org.codehaus.plexus.classworlds.strategy.SelfFirstStrategy::loadClass@5 (line 38)
  0x000001ebd8993f70: 8ce4 4c07 

  0x000001ebd8993f74: ;   {metadata({method} {0x000001ebed405098} 'loadClassFromImport' '(Ljava/lang/String;)Ljava/lang/Class;' in 'org/codehaus/plexus/classworlds/realm/ClassRealm')}
  0x000001ebd8993f74: 49ba 9050 | 40ed eb01 | 0000 4c89 | 5424 0848 | c704 24ff 

  0x000001ebd8993f88: ;   {runtime_call counter_overflow Runtime1 stub}
  0x000001ebd8993f88: ffff ffe8 

  0x000001ebd8993f8c: ; ImmutableOopMap {rdx=Oop r8=Oop rsi=Oop [80]=Oop }
                      ;*synchronization entry
                      ; - org.codehaus.plexus.classworlds.realm.ClassRealm::loadClassFromImport@-1 (line 405)
                      ; - org.codehaus.plexus.classworlds.strategy.SelfFirstStrategy::loadClass@5 (line 38)
  0x000001ebd8993f8c: f04c 4d07 | e954 f8ff 

  0x000001ebd8993f94: ;   {runtime_call throw_null_pointer_exception Runtime1 stub}
  0x000001ebd8993f94: ffe8 66e4 

  0x000001ebd8993f98: ; ImmutableOopMap {rax=Oop [72]=Oop [80]=Oop }
                      ;*invokevirtual loadClass {reexecute=0 rethrow=0 return_oop=0}
                      ; - org.codehaus.plexus.classworlds.realm.ClassRealm::loadClassFromImport@12 (line 411)
                      ; - org.codehaus.plexus.classworlds.strategy.SelfFirstStrategy::loadClass@5 (line 38)
                      ;   {runtime_call throw_null_pointer_exception Runtime1 stub}
  0x000001ebd8993f98: 4c07 e861 

  0x000001ebd8993f9c: ; ImmutableOopMap {rdx=Oop rsi=Oop [72]=Oop [80]=Oop }
                      ;*invokevirtual loadClassFromSelf {reexecute=0 rethrow=0 return_oop=0}
                      ; - org.codehaus.plexus.classworlds.strategy.SelfFirstStrategy::loadClass@18 (line 42)
                      ;   {runtime_call throw_null_pointer_exception Runtime1 stub}
  0x000001ebd8993f9c: e44c 07e8 

  0x000001ebd8993fa0: ; ImmutableOopMap {rdx=Oop [72]=Oop }
                      ;*invokevirtual loadClassFromParent {reexecute=0 rethrow=0 return_oop=0}
                      ; - org.codehaus.plexus.classworlds.strategy.SelfFirstStrategy::loadClass@31 (line 46)
  0x000001ebd8993fa0: 5ce4 4c07 

  0x000001ebd8993fa4: ;   {metadata({method} {0x000001ebed4054e8} 'loadClassFromParent' '(Ljava/lang/String;)Ljava/lang/Class;' in 'org/codehaus/plexus/classworlds/realm/ClassRealm')}
  0x000001ebd8993fa4: 49ba e054 | 40ed eb01 | 0000 4c89 | 5424 0848 | c704 24ff 

  0x000001ebd8993fb8: ;   {runtime_call counter_overflow Runtime1 stub}
  0x000001ebd8993fb8: ffff ffe8 

  0x000001ebd8993fbc: ; ImmutableOopMap {rdx=Oop [72]=Oop }
                      ;*synchronization entry
                      ; - org.codehaus.plexus.classworlds.realm.ClassRealm::loadClassFromParent@-1 (line 470)
                      ; - org.codehaus.plexus.classworlds.strategy.SelfFirstStrategy::loadClass@31 (line 46)
  0x000001ebd8993fbc: c04c 4d07 | e9f2 fbff 

  0x000001ebd8993fc4: ;   {runtime_call throw_null_pointer_exception Runtime1 stub}
  0x000001ebd8993fc4: ffe8 36e4 

  0x000001ebd8993fc8: ; ImmutableOopMap {rsi=Oop [72]=Oop }
                      ;*invokevirtual loadClass {reexecute=0 rethrow=0 return_oop=0}
                      ; - org.codehaus.plexus.classworlds.realm.ClassRealm::loadClassFromParent@19 (line 476)
                      ; - org.codehaus.plexus.classworlds.strategy.SelfFirstStrategy::loadClass@31 (line 46)
                      ;   {internal_word}
  0x000001ebd8993fc8: 4c07 49ba | ab3e 99d8 | eb01 0000 | 4d89 9768 

  0x000001ebd8993fd8: ;   {runtime_call SafepointBlob}
  0x000001ebd8993fd8: 0400 00e9 | 2017 4107 

  0x000001ebd8993fe0: ;   {metadata(nullptr)}
  0x000001ebd8993fe0: 48ba 0000 | 0000 0000 | 0000 b800 

  0x000001ebd8993fec: ;   {runtime_call load_klass_patching Runtime1 stub}
  0x000001ebd8993fec: 0f05 0ae8 

  0x000001ebd8993ff0: ; ImmutableOopMap {r8=Oop }
                      ;*new {reexecute=1 rethrow=0 return_oop=0}
                      ; - (reexecute) org.codehaus.plexus.classworlds.strategy.SelfFirstStrategy::loadClass@39 (line 50)
  0x000001ebd8993ff0: 0c3c 4d07 | e9c7 feff | ff48 8bd2 

  0x000001ebd8993ffc: ;   {runtime_call fast_new_instance Runtime1 stub}
  0x000001ebd8993ffc: e87f f14c 

  0x000001ebd8994000: ; ImmutableOopMap {r8=Oop }
                      ;*new {reexecute=0 rethrow=0 return_oop=0}
                      ; - org.codehaus.plexus.classworlds.strategy.SelfFirstStrategy::loadClass@39 (line 50)
  0x000001ebd8994000: 07e9 12ff | ffff 498b | 8700 0500 | 0049 c787 | 0005 0000 | 0000 0000 | 49c7 8708 | 0500 0000 
  0x000001ebd8994020: 0000 0048 | 83c4 705d 

  0x000001ebd8994028: ;   {runtime_call unwind_exception Runtime1 stub}
  0x000001ebd8994028: e953 c74c | 07f4 f4f4 
[Stub Code]
  0x000001ebd8994030: ;   {no_reloc}
  0x000001ebd8994030: 0f1f 4400 

  0x000001ebd8994034: ;   {static_stub}
  0x000001ebd8994034: 0048 bb00 | 0000 0000 

  0x000001ebd899403c: ;   {runtime_call}
  0x000001ebd899403c: 0000 00e9 | fbff ffff 

  0x000001ebd8994044: ;   {static_stub}
  0x000001ebd8994044: 9048 bb00 | 0000 0000 

  0x000001ebd899404c: ;   {runtime_call}
  0x000001ebd899404c: 0000 00e9 | fbff ffff 

  0x000001ebd8994054: ;   {static_stub}
  0x000001ebd8994054: 9048 bbd0 | 5140 edeb 

  0x000001ebd899405c: ;   {runtime_call I2C/C2I adapters}
  0x000001ebd899405c: 0100 00e9 | 8301 4107 

  0x000001ebd8994064: ;   {static_stub}
  0x000001ebd8994064: 9048 bb00 | 0000 0000 

  0x000001ebd899406c: ;   {runtime_call}
  0x000001ebd899406c: 0000 00e9 | fbff ffff 

  0x000001ebd8994074: ;   {static_stub}
  0x000001ebd8994074: 9048 bb00 | 0000 0000 

  0x000001ebd899407c: ;   {runtime_call}
  0x000001ebd899407c: 0000 00e9 | fbff ffff 

  0x000001ebd8994084: ;   {static_stub}
  0x000001ebd8994084: 48bb 0000 | 0000 0000 

  0x000001ebd899408c: ;   {runtime_call}
  0x000001ebd899408c: 0000 e9fb 

  0x000001ebd8994090: ;   {runtime_call handle_exception_from_callee Runtime1 stub}
  0x000001ebd8994090: ffff ffe8 | 6814 4d07 

  0x000001ebd8994098: ;   {external_word}
  0x000001ebd8994098: 48b9 0028 | 1e87 fe7f | 0000 4883 

  0x000001ebd89940a4: ;   {runtime_call}
  0x000001ebd89940a4: e4f0 48b8 | e00f e686 | fe7f 0000 

  0x000001ebd89940b0: ;   {section_word}
  0x000001ebd89940b0: ffd0 f449 | bab3 4099 | d8eb 0100 

  0x000001ebd89940bc: ;   {runtime_call DeoptimizationBlob}
  0x000001ebd89940bc: 0041 52e9 | dc08 4107 | f4f4 f4f4 
[/MachCode]


Compiled method (c1)     425  530   !   3       org.codehaus.plexus.classworlds.realm.ClassRealm::loadClass (33 bytes)
 total in heap  [0x000001ebd88fcf90,0x000001ebd88fd558] = 1480
 relocation     [0x000001ebd88fd0f0,0x000001ebd88fd158] = 104
 main code      [0x000001ebd88fd160,0x000001ebd88fd3b0] = 592
 stub code      [0x000001ebd88fd3b0,0x000001ebd88fd408] = 88
 oops           [0x000001ebd88fd408,0x000001ebd88fd410] = 8
 metadata       [0x000001ebd88fd410,0x000001ebd88fd448] = 56
 scopes data    [0x000001ebd88fd448,0x000001ebd88fd4a0] = 88
 scopes pcs     [0x000001ebd88fd4a0,0x000001ebd88fd520] = 128
 dependencies   [0x000001ebd88fd520,0x000001ebd88fd530] = 16
 handler table  [0x000001ebd88fd530,0x000001ebd88fd548] = 24
 nul chk table  [0x000001ebd88fd548,0x000001ebd88fd558] = 16

[Constant Pool (empty)]

[MachCode]
[Entry Point]
  # {method} {0x000001ebed4043b0} 'loadClass' '(Ljava/lang/String;Z)Ljava/lang/Class;' in 'org/codehaus/plexus/classworlds/realm/ClassRealm'
  # this:     rdx:rdx   = 'org/codehaus/plexus/classworlds/realm/ClassRealm'
  # parm0:    r8:r8     = 'java/lang/String'
  # parm1:    r9        = boolean
  #           [sp+0x70]  (sp of caller)
  0x000001ebd88fd160: 448b 5208 | 49bb 0000 | 0080 eb01 | 0000 4d03 | d34c 3bd0 

  0x000001ebd88fd174: ;   {runtime_call ic_miss_stub}
  0x000001ebd88fd174: 0f85 0616 | 4a07 660f | 1f44 0000 
[Verified Entry Point]
  0x000001ebd88fd180: 8984 2400 | 80ff ff55 | 4883 ec60 | 4181 7f20 | 0100 0000 

  0x000001ebd88fd194: ;   {runtime_call StubRoutines (final stubs)}
  0x000001ebd88fd194: 7405 e8c5 

  0x000001ebd88fd198: ;   {metadata(method data for {method} {0x000001ebed4043b0} 'loadClass' '(Ljava/lang/String;Z)Ljava/lang/Class;' in 'org/codehaus/plexus/classworlds/realm/ClassRealm')}
  0x000001ebd88fd198: 7b48 0748 | bec0 5341 | edeb 0100 | 008b becc | 0000 0083 | c702 89be | cc00 0000 | 81e7 fe07 
  0x000001ebd88fd1b8: 0000 83ff | 000f 843c 

  0x000001ebd88fd1c0: ;   {metadata(method data for {method} {0x000001ebed4043b0} 'loadClass' '(Ljava/lang/String;Z)Ljava/lang/Class;' in 'org/codehaus/plexus/classworlds/realm/ClassRealm')}
  0x000001ebd88fd1c0: 0100 0048 | bec0 5341 | edeb 0100 | 00ff 8620 | 0100 0048 

  0x000001ebd88fd1d4: ;   {metadata(method data for {method} {0x000001ebed4043b0} 'loadClass' '(Ljava/lang/String;Z)Ljava/lang/Class;' in 'org/codehaus/plexus/classworlds/realm/ClassRealm')}
  0x000001ebd88fd1d4: 8bf2 48bf | c053 41ed | eb01 0000 | 4883 8730 | 0100 0001 

  0x000001ebd88fd1e8: ;   {metadata(method data for {method} {0x000001ebed4044c0} 'unsynchronizedLoadClass' '(Ljava/lang/String;Z)Ljava/lang/Class;' in 'org/codehaus/plexus/classworlds/realm/ClassRealm')}
  0x000001ebd88fd1e8: 48be 5055 | 41ed eb01 | 0000 8bbe | cc00 0000 | 83c7 0289 | becc 0000 | 0081 e7fe | ff1f 0083 
  0x000001ebd88fd208: ff00 0f84 | 1001 0000 

  0x000001ebd88fd210: ;   {metadata(method data for {method} {0x000001ebed4044c0} 'unsynchronizedLoadClass' '(Ljava/lang/String;Z)Ljava/lang/Class;' in 'org/codehaus/plexus/classworlds/realm/ClassRealm')}
  0x000001ebd88fd210: 488b f248 | bf50 5541 | edeb 0100 | 0048 8387 | 1001 0000 | 0149 8bf0 | 4c8b c648 | 8bfa 488b 
  0x000001ebd88fd230: d748 8974 | 2448 4889 | 7c24 400f 

  0x000001ebd88fd23c: ;   {optimized virtual_call}
  0x000001ebd88fd23c: 1f40 00e8 

  0x000001ebd88fd240: ; ImmutableOopMap {[64]=Oop [72]=Oop }
                      ;*invokespecial loadClass {reexecute=0 rethrow=0 return_oop=0}
                      ; - org.codehaus.plexus.classworlds.realm.ClassRealm::unsynchronizedLoadClass@3 (line 266)
                      ; - org.codehaus.plexus.classworlds.realm.ClassRealm::loadClass@9 (line 247)
  0x000001ebd88fd240: 3c53 0800 

  0x000001ebd88fd244: ;   {other}
  0x000001ebd88fd244: 0f1f 8400 | b402 0000 | 4883 c460 

  0x000001ebd88fd250: ;   {poll_return}
  0x000001ebd88fd250: 5d49 3ba7 | 5004 0000 | 0f87 e300 | 0000 c349 | 8b87 0005 | 0000 4d33 | d24d 8997 | 0005 0000 
  0x000001ebd88fd270: 4d33 d24d | 8997 0805 | 0000 8b52 | 7048 83fa | 000f 8429 

  0x000001ebd88fd284: ;   {metadata('org/codehaus/plexus/classworlds/strategy/SelfFirstStrategy')}
  0x000001ebd88fd284: 0000 0048 | b898 2c00 | 81eb 0100 | 008b 5a08 | 49ba 0000 | 0080 eb01 | 0000 4903 | da48 3b43 
  0x000001ebd88fd2a4: 400f 85ac | 0000 00e9 | 0000 0000 | 488b f248 | 3b02 488b 

  0x000001ebd88fd2b8: ;   {metadata(method data for {method} {0x000001ebed4044c0} 'unsynchronizedLoadClass' '(Ljava/lang/String;Z)Ljava/lang/Class;' in 'org/codehaus/plexus/classworlds/realm/ClassRealm')}
  0x000001ebd88fd2b8: f248 bf50 | 5541 edeb 

  0x000001ebd88fd2c0: ;   {metadata('org/codehaus/plexus/classworlds/strategy/SelfFirstStrategy')}
  0x000001ebd88fd2c0: 0100 0049 | ba98 2c00 | 81eb 0100 | 004c 8997 | 3001 0000 | 4883 8738 | 0100 0001 

  0x000001ebd88fd2dc: ;   {optimized virtual_call}
  0x000001ebd88fd2dc: 6666 90e8 

  0x000001ebd88fd2e0: ; ImmutableOopMap {}
                      ;*invokeinterface loadClass {reexecute=0 rethrow=0 return_oop=0}
                      ; - org.codehaus.plexus.classworlds.realm.ClassRealm::unsynchronizedLoadClass@13 (line 271)
                      ; - org.codehaus.plexus.classworlds.realm.ClassRealm::loadClass@9 (line 247)
  0x000001ebd88fd2e0: fc63 0900 

  0x000001ebd88fd2e4: ;   {other}
  0x000001ebd88fd2e4: 0f1f 8400 | 5403 0001 | 4883 c460 

  0x000001ebd88fd2f0: ;   {poll_return}
  0x000001ebd88fd2f0: 5d49 3ba7 | 5004 0000 | 0f87 6300 

  0x000001ebd88fd2fc: ;   {metadata({method} {0x000001ebed4043b0} 'loadClass' '(Ljava/lang/String;Z)Ljava/lang/Class;' in 'org/codehaus/plexus/classworlds/realm/ClassRealm')}
  0x000001ebd88fd2fc: 0000 c349 | baa8 4340 | edeb 0100 | 004c 8954 | 2408 48c7 | 0424 ffff 

  0x000001ebd88fd314: ;   {runtime_call counter_overflow Runtime1 stub}
  0x000001ebd88fd314: ffff e865 

  0x000001ebd88fd318: ; ImmutableOopMap {rdx=Oop r8=Oop }
                      ;*synchronization entry
                      ; - org.codehaus.plexus.classworlds.realm.ClassRealm::loadClass@-1 (line 245)
  0x000001ebd88fd318: b956 07e9 | a3fe ffff 

  0x000001ebd88fd320: ;   {metadata({method} {0x000001ebed4044c0} 'unsynchronizedLoadClass' '(Ljava/lang/String;Z)Ljava/lang/Class;' in 'org/codehaus/plexus/classworlds/realm/ClassRealm')}
  0x000001ebd88fd320: 49ba b844 | 40ed eb01 | 0000 4c89 | 5424 0848 | c704 24ff 

  0x000001ebd88fd334: ;   {runtime_call counter_overflow Runtime1 stub}
  0x000001ebd88fd334: ffff ffe8 

  0x000001ebd88fd338: ; ImmutableOopMap {rdx=Oop r8=Oop }
                      ;*synchronization entry
                      ; - org.codehaus.plexus.classworlds.realm.ClassRealm::unsynchronizedLoadClass@-1 (line 266)
                      ; - org.codehaus.plexus.classworlds.realm.ClassRealm::loadClass@9 (line 247)
  0x000001ebd88fd338: 44b9 5607 | e9cf feff 

  0x000001ebd88fd340: ;   {internal_word}
  0x000001ebd88fd340: ff49 ba51 | d28f d8eb | 0100 004d | 8997 6804 

  0x000001ebd88fd350: ;   {runtime_call SafepointBlob}
  0x000001ebd88fd350: 0000 e9a9 

  0x000001ebd88fd354: ;   {runtime_call throw_incompatible_class_change_error Runtime1 stub}
  0x000001ebd88fd354: 834a 07e8 

  0x000001ebd88fd358: ; ImmutableOopMap {r8=Oop rdx=Oop }
                      ;*invokeinterface loadClass {reexecute=0 rethrow=0 return_oop=0}
                      ; - org.codehaus.plexus.classworlds.realm.ClassRealm::unsynchronizedLoadClass@13 (line 271)
                      ; - org.codehaus.plexus.classworlds.realm.ClassRealm::loadClass@9 (line 247)
  0x000001ebd88fd358: 248f 5607 

  0x000001ebd88fd35c: ;   {runtime_call throw_null_pointer_exception Runtime1 stub}
  0x000001ebd88fd35c: e89f 5056 

  0x000001ebd88fd360: ; ImmutableOopMap {r8=Oop rdx=Oop }
                      ;*invokeinterface loadClass {reexecute=0 rethrow=0 return_oop=0}
                      ; - org.codehaus.plexus.classworlds.realm.ClassRealm::unsynchronizedLoadClass@13 (line 271)
                      ; - org.codehaus.plexus.classworlds.realm.ClassRealm::loadClass@9 (line 247)
                      ;   {internal_word}
  0x000001ebd88fd360: 0749 baf1 | d28f d8eb | 0100 004d | 8997 6804 

  0x000001ebd88fd370: ;   {runtime_call SafepointBlob}
  0x000001ebd88fd370: 0000 e989 | 834a 074c | 8b44 2448 | 488b 5424 | 40e9 d9fe | ffff 498b | 8700 0500 | 0049 c787 
  0x000001ebd88fd390: 0005 0000 | 0000 0000 | 49c7 8708 | 0500 0000 | 0000 0048 | 83c4 605d 

  0x000001ebd88fd3a8: ;   {runtime_call unwind_exception Runtime1 stub}
  0x000001ebd88fd3a8: e9d3 3356 | 07f4 f4f4 
[Stub Code]
  0x000001ebd88fd3b0: ;   {no_reloc}
  0x000001ebd88fd3b0: 0f1f 4400 

  0x000001ebd88fd3b4: ;   {static_stub}
  0x000001ebd88fd3b4: 0048 bbf8 | 4201 80eb 

  0x000001ebd88fd3bc: ;   {runtime_call I2C/C2I adapters}
  0x000001ebd88fd3bc: 0100 00e9 | 27b1 4907 

  0x000001ebd88fd3c4: ;   {static_stub}
  0x000001ebd88fd3c4: 9048 bb80 | f040 edeb 

  0x000001ebd88fd3cc: ;   {runtime_call I2C/C2I adapters}
  0x000001ebd88fd3cc: 0100 00e9 | 136e 4a07 
[Exception Handler]
  0x000001ebd88fd3d4: ;   {runtime_call handle_exception_from_callee Runtime1 stub}
  0x000001ebd88fd3d4: e827 8156 

  0x000001ebd88fd3d8: ;   {external_word}
  0x000001ebd88fd3d8: 0748 b900 | 281e 87fe | 7f00 0048 

  0x000001ebd88fd3e4: ;   {runtime_call}
  0x000001ebd88fd3e4: 83e4 f048 | b8e0 0fe6 | 86fe 7f00 | 00ff d0f4 
[Deopt Handler Code]
  0x000001ebd88fd3f4: ;   {section_word}
  0x000001ebd88fd3f4: 49ba f4d3 | 8fd8 eb01 | 0000 4152 

  0x000001ebd88fd400: ;   {runtime_call DeoptimizationBlob}
  0x000001ebd88fd400: e99b 754a | 07f4 f4f4 
[/MachCode]


---------------  P R O C E S S  ---------------

Threads class SMR info:
_java_thread_list=0x000001ebf11080b0, length=11, elements={
0x000001ebceadc5b0, 0x000001ebecbdd490, 0x000001ebecbde3b0, 0x000001ebecbe10c0,
0x000001ebecbe1fa0, 0x000001ebecbe52b0, 0x000001ebecbe9d20, 0x000001ebecbf0260,
0x000001ebecbf2890, 0x000001ebf1133870, 0x000001ebf1138310
}

Java Threads: ( => current thread )
=>0x000001ebceadc5b0 JavaThread "main"                              [_thread_in_vm, id=22312, stack(0x000000915fb00000,0x000000915fc00000) (1024K)]
  0x000001ebecbdd490 JavaThread "Reference Handler"          daemon [_thread_blocked, id=21164, stack(0x0000009160300000,0x0000009160400000) (1024K)]
  0x000001ebecbde3b0 JavaThread "Finalizer"                  daemon [_thread_blocked, id=19568, stack(0x0000009160400000,0x0000009160500000) (1024K)]
  0x000001ebecbe10c0 JavaThread "Signal Dispatcher"          daemon [_thread_blocked, id=20844, stack(0x0000009160500000,0x0000009160600000) (1024K)]
  0x000001ebecbe1fa0 JavaThread "Attach Listener"            daemon [_thread_blocked, id=8548, stack(0x0000009160600000,0x0000009160700000) (1024K)]
  0x000001ebecbe52b0 JavaThread "Service Thread"             daemon [_thread_blocked, id=9728, stack(0x0000009160700000,0x0000009160800000) (1024K)]
  0x000001ebecbe9d20 JavaThread "Monitor Deflation Thread"   daemon [_thread_blocked, id=20664, stack(0x0000009160800000,0x0000009160900000) (1024K)]
  0x000001ebecbf0260 JavaThread "C2 CompilerThread0"         daemon [_thread_blocked, id=17132, stack(0x0000009160900000,0x0000009160a00000) (1024K)]
  0x000001ebecbf2890 JavaThread "C1 CompilerThread0"         daemon [_thread_blocked, id=15044, stack(0x0000009160a00000,0x0000009160b00000) (1024K)]
  0x000001ebf1133870 JavaThread "Notification Thread"        daemon [_thread_blocked, id=22064, stack(0x0000009160b00000,0x0000009160c00000) (1024K)]
  0x000001ebf1138310 JavaThread "Common-Cleaner"             daemon [_thread_blocked, id=13700, stack(0x0000009160c00000,0x0000009160d00000) (1024K)]
Total: 11

Other Threads:
  0x000001ebecbbb2d0 VMThread "VM Thread"                           [id=11196, stack(0x0000009160200000,0x0000009160300000) (1024K)]
  0x000001ebecba3530 WatcherThread "VM Periodic Task Thread"        [id=15276, stack(0x0000009160100000,0x0000009160200000) (1024K)]
  0x000001ebcec30600 WorkerThread "GC Thread#0"                     [id=18176, stack(0x000000915fc00000,0x000000915fd00000) (1024K)]
  0x000001ebcec41ce0 ConcurrentGCThread "G1 Main Marker"            [id=20864, stack(0x000000915fd00000,0x000000915fe00000) (1024K)]
  0x000001ebcec42f80 WorkerThread "G1 Conc#0"                       [id=4892, stack(0x000000915fe00000,0x000000915ff00000) (1024K)]
  0x000001ebcecae1a0 ConcurrentGCThread "G1 Refine#0"               [id=1824, stack(0x000000915ff00000,0x0000009160000000) (1024K)]
  0x000001ebeca670d0 ConcurrentGCThread "G1 Service"                [id=9940, stack(0x0000009160000000,0x0000009160100000) (1024K)]
Total: 7

Threads with active compile tasks:
Total: 0

VM state: not at safepoint (normal execution)

VM Mutex/Monitor currently owned by a thread:  ([mutex/lock_event])
[0x00007ffe87478578] Metaspace_lock - owner thread: 0x000001ebceadc5b0

Heap address: 0x0000000081600000, size: 2026 MB, Compressed Oops mode: 32-bit

CDS archive(s) mapped at: [0x000001eb80000000-0x000001eb80c90000-0x000001eb80c90000), size 13172736, SharedBaseAddress: 0x000001eb80000000, ArchiveRelocationMode: 1.
Compressed class space mapped at: 0x000001eb81000000-0x000001ebc1000000, reserved size: 1073741824
Narrow klass base: 0x000001eb80000000, Narrow klass shift: 0, Narrow klass range: 0x100000000

GC Precious Log:
 CardTable entry size: 512
 Card Set container configuration: InlinePtr #cards 5 size 8 Array Of Cards #cards 12 size 40 Howl #buckets 4 coarsen threshold 1843 Howl Bitmap #cards 512 size 80 coarsen threshold 460 Card regions per heap region 1 cards per card region 2048
 CPUs: 4 total, 4 available
 Memory: 8097M
 Large Page Support: Disabled
 NUMA Support: Disabled
 Compressed Oops: Enabled (32-bit)
 Heap Region Size: 1M
 Heap Min Capacity: 8M
 Heap Initial Capacity: 128M
 Heap Max Capacity: 2026M
 Pre-touch: Disabled
 Parallel Workers: 4
 Concurrent Workers: 1
 Concurrent Refinement Workers: 4
 Periodic GC: Disabled

Heap:
 garbage-first heap   total 131072K, used 11264K [0x0000000081600000, 0x0000000100000000)
  region size 1024K, 13 young (13312K), 0 survivors (0K)
 Metaspace       used 3561K, committed 3712K, reserved 1114112K
  class space    used 353K, committed 448K, reserved 1048576K

Heap Regions: E=young(eden), S=young(survivor), O=old, HS=humongous(starts), HC=humongous(continues), CS=collection set, F=free, TAMS=top-at-mark-start, PB=parsable bottom
|   0|0x0000000081600000, 0x0000000081600000, 0x0000000081700000|  0%| F|  |TAMS 0x0000000081600000| PB 0x0000000081600000| Untracked 
|   1|0x0000000081700000, 0x0000000081700000, 0x0000000081800000|  0%| F|  |TAMS 0x0000000081700000| PB 0x0000000081700000| Untracked 
|   2|0x0000000081800000, 0x0000000081800000, 0x0000000081900000|  0%| F|  |TAMS 0x0000000081800000| PB 0x0000000081800000| Untracked 
|   3|0x0000000081900000, 0x0000000081900000, 0x0000000081a00000|  0%| F|  |TAMS 0x0000000081900000| PB 0x0000000081900000| Untracked 
|   4|0x0000000081a00000, 0x0000000081a00000, 0x0000000081b00000|  0%| F|  |TAMS 0x0000000081a00000| PB 0x0000000081a00000| Untracked 
|   5|0x0000000081b00000, 0x0000000081b00000, 0x0000000081c00000|  0%| F|  |TAMS 0x0000000081b00000| PB 0x0000000081b00000| Untracked 
|   6|0x0000000081c00000, 0x0000000081c00000, 0x0000000081d00000|  0%| F|  |TAMS 0x0000000081c00000| PB 0x0000000081c00000| Untracked 
|   7|0x0000000081d00000, 0x0000000081d00000, 0x0000000081e00000|  0%| F|  |TAMS 0x0000000081d00000| PB 0x0000000081d00000| Untracked 
|   8|0x0000000081e00000, 0x0000000081e00000, 0x0000000081f00000|  0%| F|  |TAMS 0x0000000081e00000| PB 0x0000000081e00000| Untracked 
|   9|0x0000000081f00000, 0x0000000081f00000, 0x0000000082000000|  0%| F|  |TAMS 0x0000000081f00000| PB 0x0000000081f00000| Untracked 
|  10|0x0000000082000000, 0x0000000082000000, 0x0000000082100000|  0%| F|  |TAMS 0x0000000082000000| PB 0x0000000082000000| Untracked 
|  11|0x0000000082100000, 0x0000000082100000, 0x0000000082200000|  0%| F|  |TAMS 0x0000000082100000| PB 0x0000000082100000| Untracked 
|  12|0x0000000082200000, 0x0000000082200000, 0x0000000082300000|  0%| F|  |TAMS 0x0000000082200000| PB 0x0000000082200000| Untracked 
|  13|0x0000000082300000, 0x0000000082300000, 0x0000000082400000|  0%| F|  |TAMS 0x0000000082300000| PB 0x0000000082300000| Untracked 
|  14|0x0000000082400000, 0x0000000082400000, 0x0000000082500000|  0%| F|  |TAMS 0x0000000082400000| PB 0x0000000082400000| Untracked 
|  15|0x0000000082500000, 0x0000000082500000, 0x0000000082600000|  0%| F|  |TAMS 0x0000000082500000| PB 0x0000000082500000| Untracked 
|  16|0x0000000082600000, 0x0000000082600000, 0x0000000082700000|  0%| F|  |TAMS 0x0000000082600000| PB 0x0000000082600000| Untracked 
|  17|0x0000000082700000, 0x0000000082700000, 0x0000000082800000|  0%| F|  |TAMS 0x0000000082700000| PB 0x0000000082700000| Untracked 
|  18|0x0000000082800000, 0x0000000082800000, 0x0000000082900000|  0%| F|  |TAMS 0x0000000082800000| PB 0x0000000082800000| Untracked 
|  19|0x0000000082900000, 0x0000000082900000, 0x0000000082a00000|  0%| F|  |TAMS 0x0000000082900000| PB 0x0000000082900000| Untracked 
|  20|0x0000000082a00000, 0x0000000082a00000, 0x0000000082b00000|  0%| F|  |TAMS 0x0000000082a00000| PB 0x0000000082a00000| Untracked 
|  21|0x0000000082b00000, 0x0000000082b00000, 0x0000000082c00000|  0%| F|  |TAMS 0x0000000082b00000| PB 0x0000000082b00000| Untracked 
|  22|0x0000000082c00000, 0x0000000082c00000, 0x0000000082d00000|  0%| F|  |TAMS 0x0000000082c00000| PB 0x0000000082c00000| Untracked 
|  23|0x0000000082d00000, 0x0000000082d00000, 0x0000000082e00000|  0%| F|  |TAMS 0x0000000082d00000| PB 0x0000000082d00000| Untracked 
|  24|0x0000000082e00000, 0x0000000082e00000, 0x0000000082f00000|  0%| F|  |TAMS 0x0000000082e00000| PB 0x0000000082e00000| Untracked 
|  25|0x0000000082f00000, 0x0000000082f00000, 0x0000000083000000|  0%| F|  |TAMS 0x0000000082f00000| PB 0x0000000082f00000| Untracked 
|  26|0x0000000083000000, 0x0000000083000000, 0x0000000083100000|  0%| F|  |TAMS 0x0000000083000000| PB 0x0000000083000000| Untracked 
|  27|0x0000000083100000, 0x0000000083100000, 0x0000000083200000|  0%| F|  |TAMS 0x0000000083100000| PB 0x0000000083100000| Untracked 
|  28|0x0000000083200000, 0x0000000083200000, 0x0000000083300000|  0%| F|  |TAMS 0x0000000083200000| PB 0x0000000083200000| Untracked 
|  29|0x0000000083300000, 0x0000000083300000, 0x0000000083400000|  0%| F|  |TAMS 0x0000000083300000| PB 0x0000000083300000| Untracked 
|  30|0x0000000083400000, 0x0000000083400000, 0x0000000083500000|  0%| F|  |TAMS 0x0000000083400000| PB 0x0000000083400000| Untracked 
|  31|0x0000000083500000, 0x0000000083500000, 0x0000000083600000|  0%| F|  |TAMS 0x0000000083500000| PB 0x0000000083500000| Untracked 
|  32|0x0000000083600000, 0x0000000083600000, 0x0000000083700000|  0%| F|  |TAMS 0x0000000083600000| PB 0x0000000083600000| Untracked 
|  33|0x0000000083700000, 0x0000000083700000, 0x0000000083800000|  0%| F|  |TAMS 0x0000000083700000| PB 0x0000000083700000| Untracked 
|  34|0x0000000083800000, 0x0000000083800000, 0x0000000083900000|  0%| F|  |TAMS 0x0000000083800000| PB 0x0000000083800000| Untracked 
|  35|0x0000000083900000, 0x0000000083900000, 0x0000000083a00000|  0%| F|  |TAMS 0x0000000083900000| PB 0x0000000083900000| Untracked 
|  36|0x0000000083a00000, 0x0000000083a00000, 0x0000000083b00000|  0%| F|  |TAMS 0x0000000083a00000| PB 0x0000000083a00000| Untracked 
|  37|0x0000000083b00000, 0x0000000083b00000, 0x0000000083c00000|  0%| F|  |TAMS 0x0000000083b00000| PB 0x0000000083b00000| Untracked 
|  38|0x0000000083c00000, 0x0000000083c00000, 0x0000000083d00000|  0%| F|  |TAMS 0x0000000083c00000| PB 0x0000000083c00000| Untracked 
|  39|0x0000000083d00000, 0x0000000083d00000, 0x0000000083e00000|  0%| F|  |TAMS 0x0000000083d00000| PB 0x0000000083d00000| Untracked 
|  40|0x0000000083e00000, 0x0000000083e00000, 0x0000000083f00000|  0%| F|  |TAMS 0x0000000083e00000| PB 0x0000000083e00000| Untracked 
|  41|0x0000000083f00000, 0x0000000083f00000, 0x0000000084000000|  0%| F|  |TAMS 0x0000000083f00000| PB 0x0000000083f00000| Untracked 
|  42|0x0000000084000000, 0x0000000084000000, 0x0000000084100000|  0%| F|  |TAMS 0x0000000084000000| PB 0x0000000084000000| Untracked 
|  43|0x0000000084100000, 0x0000000084100000, 0x0000000084200000|  0%| F|  |TAMS 0x0000000084100000| PB 0x0000000084100000| Untracked 
|  44|0x0000000084200000, 0x0000000084200000, 0x0000000084300000|  0%| F|  |TAMS 0x0000000084200000| PB 0x0000000084200000| Untracked 
|  45|0x0000000084300000, 0x0000000084300000, 0x0000000084400000|  0%| F|  |TAMS 0x0000000084300000| PB 0x0000000084300000| Untracked 
|  46|0x0000000084400000, 0x0000000084400000, 0x0000000084500000|  0%| F|  |TAMS 0x0000000084400000| PB 0x0000000084400000| Untracked 
|  47|0x0000000084500000, 0x0000000084500000, 0x0000000084600000|  0%| F|  |TAMS 0x0000000084500000| PB 0x0000000084500000| Untracked 
|  48|0x0000000084600000, 0x0000000084600000, 0x0000000084700000|  0%| F|  |TAMS 0x0000000084600000| PB 0x0000000084600000| Untracked 
|  49|0x0000000084700000, 0x0000000084700000, 0x0000000084800000|  0%| F|  |TAMS 0x0000000084700000| PB 0x0000000084700000| Untracked 
|  50|0x0000000084800000, 0x0000000084800000, 0x0000000084900000|  0%| F|  |TAMS 0x0000000084800000| PB 0x0000000084800000| Untracked 
|  51|0x0000000084900000, 0x0000000084900000, 0x0000000084a00000|  0%| F|  |TAMS 0x0000000084900000| PB 0x0000000084900000| Untracked 
|  52|0x0000000084a00000, 0x0000000084a00000, 0x0000000084b00000|  0%| F|  |TAMS 0x0000000084a00000| PB 0x0000000084a00000| Untracked 
|  53|0x0000000084b00000, 0x0000000084b00000, 0x0000000084c00000|  0%| F|  |TAMS 0x0000000084b00000| PB 0x0000000084b00000| Untracked 
|  54|0x0000000084c00000, 0x0000000084c00000, 0x0000000084d00000|  0%| F|  |TAMS 0x0000000084c00000| PB 0x0000000084c00000| Untracked 
|  55|0x0000000084d00000, 0x0000000084d00000, 0x0000000084e00000|  0%| F|  |TAMS 0x0000000084d00000| PB 0x0000000084d00000| Untracked 
|  56|0x0000000084e00000, 0x0000000084e00000, 0x0000000084f00000|  0%| F|  |TAMS 0x0000000084e00000| PB 0x0000000084e00000| Untracked 
|  57|0x0000000084f00000, 0x0000000084f00000, 0x0000000085000000|  0%| F|  |TAMS 0x0000000084f00000| PB 0x0000000084f00000| Untracked 
|  58|0x0000000085000000, 0x0000000085000000, 0x0000000085100000|  0%| F|  |TAMS 0x0000000085000000| PB 0x0000000085000000| Untracked 
|  59|0x0000000085100000, 0x0000000085100000, 0x0000000085200000|  0%| F|  |TAMS 0x0000000085100000| PB 0x0000000085100000| Untracked 
|  60|0x0000000085200000, 0x0000000085200000, 0x0000000085300000|  0%| F|  |TAMS 0x0000000085200000| PB 0x0000000085200000| Untracked 
|  61|0x0000000085300000, 0x0000000085300000, 0x0000000085400000|  0%| F|  |TAMS 0x0000000085300000| PB 0x0000000085300000| Untracked 
|  62|0x0000000085400000, 0x0000000085400000, 0x0000000085500000|  0%| F|  |TAMS 0x0000000085400000| PB 0x0000000085400000| Untracked 
|  63|0x0000000085500000, 0x0000000085500000, 0x0000000085600000|  0%| F|  |TAMS 0x0000000085500000| PB 0x0000000085500000| Untracked 
|  64|0x0000000085600000, 0x0000000085600000, 0x0000000085700000|  0%| F|  |TAMS 0x0000000085600000| PB 0x0000000085600000| Untracked 
|  65|0x0000000085700000, 0x0000000085700000, 0x0000000085800000|  0%| F|  |TAMS 0x0000000085700000| PB 0x0000000085700000| Untracked 
|  66|0x0000000085800000, 0x0000000085800000, 0x0000000085900000|  0%| F|  |TAMS 0x0000000085800000| PB 0x0000000085800000| Untracked 
|  67|0x0000000085900000, 0x0000000085900000, 0x0000000085a00000|  0%| F|  |TAMS 0x0000000085900000| PB 0x0000000085900000| Untracked 
|  68|0x0000000085a00000, 0x0000000085a00000, 0x0000000085b00000|  0%| F|  |TAMS 0x0000000085a00000| PB 0x0000000085a00000| Untracked 
|  69|0x0000000085b00000, 0x0000000085b00000, 0x0000000085c00000|  0%| F|  |TAMS 0x0000000085b00000| PB 0x0000000085b00000| Untracked 
|  70|0x0000000085c00000, 0x0000000085c00000, 0x0000000085d00000|  0%| F|  |TAMS 0x0000000085c00000| PB 0x0000000085c00000| Untracked 
|  71|0x0000000085d00000, 0x0000000085d00000, 0x0000000085e00000|  0%| F|  |TAMS 0x0000000085d00000| PB 0x0000000085d00000| Untracked 
|  72|0x0000000085e00000, 0x0000000085e00000, 0x0000000085f00000|  0%| F|  |TAMS 0x0000000085e00000| PB 0x0000000085e00000| Untracked 
|  73|0x0000000085f00000, 0x0000000085f00000, 0x0000000086000000|  0%| F|  |TAMS 0x0000000085f00000| PB 0x0000000085f00000| Untracked 
|  74|0x0000000086000000, 0x0000000086000000, 0x0000000086100000|  0%| F|  |TAMS 0x0000000086000000| PB 0x0000000086000000| Untracked 
|  75|0x0000000086100000, 0x0000000086100000, 0x0000000086200000|  0%| F|  |TAMS 0x0000000086100000| PB 0x0000000086100000| Untracked 
|  76|0x0000000086200000, 0x0000000086200000, 0x0000000086300000|  0%| F|  |TAMS 0x0000000086200000| PB 0x0000000086200000| Untracked 
|  77|0x0000000086300000, 0x0000000086300000, 0x0000000086400000|  0%| F|  |TAMS 0x0000000086300000| PB 0x0000000086300000| Untracked 
|  78|0x0000000086400000, 0x0000000086400000, 0x0000000086500000|  0%| F|  |TAMS 0x0000000086400000| PB 0x0000000086400000| Untracked 
|  79|0x0000000086500000, 0x0000000086500000, 0x0000000086600000|  0%| F|  |TAMS 0x0000000086500000| PB 0x0000000086500000| Untracked 
|  80|0x0000000086600000, 0x0000000086600000, 0x0000000086700000|  0%| F|  |TAMS 0x0000000086600000| PB 0x0000000086600000| Untracked 
|  81|0x0000000086700000, 0x0000000086700000, 0x0000000086800000|  0%| F|  |TAMS 0x0000000086700000| PB 0x0000000086700000| Untracked 
|  82|0x0000000086800000, 0x0000000086800000, 0x0000000086900000|  0%| F|  |TAMS 0x0000000086800000| PB 0x0000000086800000| Untracked 
|  83|0x0000000086900000, 0x0000000086900000, 0x0000000086a00000|  0%| F|  |TAMS 0x0000000086900000| PB 0x0000000086900000| Untracked 
|  84|0x0000000086a00000, 0x0000000086a00000, 0x0000000086b00000|  0%| F|  |TAMS 0x0000000086a00000| PB 0x0000000086a00000| Untracked 
|  85|0x0000000086b00000, 0x0000000086b00000, 0x0000000086c00000|  0%| F|  |TAMS 0x0000000086b00000| PB 0x0000000086b00000| Untracked 
|  86|0x0000000086c00000, 0x0000000086c00000, 0x0000000086d00000|  0%| F|  |TAMS 0x0000000086c00000| PB 0x0000000086c00000| Untracked 
|  87|0x0000000086d00000, 0x0000000086d00000, 0x0000000086e00000|  0%| F|  |TAMS 0x0000000086d00000| PB 0x0000000086d00000| Untracked 
|  88|0x0000000086e00000, 0x0000000086e00000, 0x0000000086f00000|  0%| F|  |TAMS 0x0000000086e00000| PB 0x0000000086e00000| Untracked 
|  89|0x0000000086f00000, 0x0000000086f00000, 0x0000000087000000|  0%| F|  |TAMS 0x0000000086f00000| PB 0x0000000086f00000| Untracked 
|  90|0x0000000087000000, 0x0000000087000000, 0x0000000087100000|  0%| F|  |TAMS 0x0000000087000000| PB 0x0000000087000000| Untracked 
|  91|0x0000000087100000, 0x0000000087100000, 0x0000000087200000|  0%| F|  |TAMS 0x0000000087100000| PB 0x0000000087100000| Untracked 
|  92|0x0000000087200000, 0x0000000087200000, 0x0000000087300000|  0%| F|  |TAMS 0x0000000087200000| PB 0x0000000087200000| Untracked 
|  93|0x0000000087300000, 0x0000000087300000, 0x0000000087400000|  0%| F|  |TAMS 0x0000000087300000| PB 0x0000000087300000| Untracked 
|  94|0x0000000087400000, 0x0000000087400000, 0x0000000087500000|  0%| F|  |TAMS 0x0000000087400000| PB 0x0000000087400000| Untracked 
|  95|0x0000000087500000, 0x0000000087500000, 0x0000000087600000|  0%| F|  |TAMS 0x0000000087500000| PB 0x0000000087500000| Untracked 
|  96|0x0000000087600000, 0x0000000087600000, 0x0000000087700000|  0%| F|  |TAMS 0x0000000087600000| PB 0x0000000087600000| Untracked 
|  97|0x0000000087700000, 0x0000000087700000, 0x0000000087800000|  0%| F|  |TAMS 0x0000000087700000| PB 0x0000000087700000| Untracked 
|  98|0x0000000087800000, 0x0000000087800000, 0x0000000087900000|  0%| F|  |TAMS 0x0000000087800000| PB 0x0000000087800000| Untracked 
|  99|0x0000000087900000, 0x0000000087900000, 0x0000000087a00000|  0%| F|  |TAMS 0x0000000087900000| PB 0x0000000087900000| Untracked 
| 100|0x0000000087a00000, 0x0000000087a00000, 0x0000000087b00000|  0%| F|  |TAMS 0x0000000087a00000| PB 0x0000000087a00000| Untracked 
| 101|0x0000000087b00000, 0x0000000087b00000, 0x0000000087c00000|  0%| F|  |TAMS 0x0000000087b00000| PB 0x0000000087b00000| Untracked 
| 102|0x0000000087c00000, 0x0000000087c00000, 0x0000000087d00000|  0%| F|  |TAMS 0x0000000087c00000| PB 0x0000000087c00000| Untracked 
| 103|0x0000000087d00000, 0x0000000087d00000, 0x0000000087e00000|  0%| F|  |TAMS 0x0000000087d00000| PB 0x0000000087d00000| Untracked 
| 104|0x0000000087e00000, 0x0000000087e00000, 0x0000000087f00000|  0%| F|  |TAMS 0x0000000087e00000| PB 0x0000000087e00000| Untracked 
| 105|0x0000000087f00000, 0x0000000087f00000, 0x0000000088000000|  0%| F|  |TAMS 0x0000000087f00000| PB 0x0000000087f00000| Untracked 
| 106|0x0000000088000000, 0x0000000088000000, 0x0000000088100000|  0%| F|  |TAMS 0x0000000088000000| PB 0x0000000088000000| Untracked 
| 107|0x0000000088100000, 0x0000000088100000, 0x0000000088200000|  0%| F|  |TAMS 0x0000000088100000| PB 0x0000000088100000| Untracked 
| 108|0x0000000088200000, 0x0000000088200000, 0x0000000088300000|  0%| F|  |TAMS 0x0000000088200000| PB 0x0000000088200000| Untracked 
| 109|0x0000000088300000, 0x0000000088300000, 0x0000000088400000|  0%| F|  |TAMS 0x0000000088300000| PB 0x0000000088300000| Untracked 
| 110|0x0000000088400000, 0x0000000088400000, 0x0000000088500000|  0%| F|  |TAMS 0x0000000088400000| PB 0x0000000088400000| Untracked 
| 111|0x0000000088500000, 0x0000000088500000, 0x0000000088600000|  0%| F|  |TAMS 0x0000000088500000| PB 0x0000000088500000| Untracked 
| 112|0x0000000088600000, 0x0000000088600000, 0x0000000088700000|  0%| F|  |TAMS 0x0000000088600000| PB 0x0000000088600000| Untracked 
| 113|0x0000000088700000, 0x0000000088700000, 0x0000000088800000|  0%| F|  |TAMS 0x0000000088700000| PB 0x0000000088700000| Untracked 
| 114|0x0000000088800000, 0x0000000088800000, 0x0000000088900000|  0%| F|  |TAMS 0x0000000088800000| PB 0x0000000088800000| Untracked 
| 115|0x0000000088900000, 0x0000000088943178, 0x0000000088a00000| 26%| E|  |TAMS 0x0000000088900000| PB 0x0000000088900000| Complete 
| 116|0x0000000088a00000, 0x0000000088b00000, 0x0000000088b00000|100%| E|CS|TAMS 0x0000000088a00000| PB 0x0000000088a00000| Complete 
| 117|0x0000000088b00000, 0x0000000088c00000, 0x0000000088c00000|100%| E|CS|TAMS 0x0000000088b00000| PB 0x0000000088b00000| Complete 
| 118|0x0000000088c00000, 0x0000000088d00000, 0x0000000088d00000|100%| E|CS|TAMS 0x0000000088c00000| PB 0x0000000088c00000| Complete 
| 119|0x0000000088d00000, 0x0000000088e00000, 0x0000000088e00000|100%| E|CS|TAMS 0x0000000088d00000| PB 0x0000000088d00000| Complete 
| 120|0x0000000088e00000, 0x0000000088f00000, 0x0000000088f00000|100%| E|CS|TAMS 0x0000000088e00000| PB 0x0000000088e00000| Complete 
| 121|0x0000000088f00000, 0x0000000089000000, 0x0000000089000000|100%| E|CS|TAMS 0x0000000088f00000| PB 0x0000000088f00000| Complete 
| 122|0x0000000089000000, 0x0000000089100000, 0x0000000089100000|100%| E|CS|TAMS 0x0000000089000000| PB 0x0000000089000000| Complete 
| 123|0x0000000089100000, 0x0000000089200000, 0x0000000089200000|100%| E|CS|TAMS 0x0000000089100000| PB 0x0000000089100000| Complete 
| 124|0x0000000089200000, 0x0000000089300000, 0x0000000089300000|100%| E|CS|TAMS 0x0000000089200000| PB 0x0000000089200000| Complete 
| 125|0x0000000089300000, 0x0000000089400000, 0x0000000089400000|100%| E|  |TAMS 0x0000000089300000| PB 0x0000000089300000| Complete 
| 126|0x0000000089400000, 0x0000000089500000, 0x0000000089500000|100%| E|CS|TAMS 0x0000000089400000| PB 0x0000000089400000| Complete 
| 127|0x0000000089500000, 0x0000000089600000, 0x0000000089600000|100%| E|CS|TAMS 0x0000000089500000| PB 0x0000000089500000| Complete 

Card table byte_map: [0x000001ebe8250000,0x000001ebe8650000] _byte_map_base: 0x000001ebe7e45000

Marking Bits: (CMBitMap*) 0x000001ebcec31510
 Bits: [0x000001ebe8650000, 0x000001ebea5f8000)

Polling page: 0x000001ebcea30000

Metaspace:

Usage:
  Non-class:      3.13 MB used.
      Class:    353.25 KB used.
       Both:      3.48 MB used.

Virtual space:
  Non-class space:       64.00 MB reserved,       3.19 MB (  5%) committed,  1 nodes.
      Class space:        1.00 GB reserved,     448.00 KB ( <1%) committed,  1 nodes.
             Both:        1.06 GB reserved,       3.62 MB ( <1%) committed. 

Chunk freelists:
   Non-Class:  10.36 MB
       Class:  15.52 MB
        Both:  25.88 MB

MaxMetaspaceSize: unlimited
CompressedClassSpaceSize: 1.00 GB
Initial GC threshold: 21.00 MB
Current GC threshold: 21.00 MB
CDS: on
 - commit_granule_bytes: 65536.
 - commit_granule_words: 8192.
 - virtual_space_node_default_size: 8388608.
 - enlarge_chunks_in_place: 1.
 - use_allocation_guard: 0.


Internal statistics:

num_allocs_failed_limit: 0.
num_arena_births: 36.
num_arena_deaths: 0.
num_vsnodes_births: 2.
num_vsnodes_deaths: 0.
num_space_committed: 58.
num_space_uncommitted: 0.
num_chunks_returned_to_freelist: 0.
num_chunks_taken_from_freelist: 127.
num_chunk_merges: 0.
num_chunk_splits: 84.
num_chunks_enlarged: 67.
num_inconsistent_stats: 0.

CodeHeap 'non-profiled nmethods': size=120000Kb used=251Kb max_used=251Kb free=119748Kb
 bounds [0x000001ebe02f0000, 0x000001ebe0560000, 0x000001ebe7820000]
CodeHeap 'profiled nmethods': size=120000Kb used=1568Kb max_used=1568Kb free=118431Kb
 bounds [0x000001ebd8820000, 0x000001ebd8a90000, 0x000001ebdfd50000]
CodeHeap 'non-nmethods': size=5760Kb used=1344Kb max_used=1360Kb free=4415Kb
 bounds [0x000001ebdfd50000, 0x000001ebdffc0000, 0x000001ebe02f0000]
 total_blobs=1266 nmethods=814 adapters=357
 compilation: enabled
              stopped_count=0, restarted_count=0
 full_count=0

Compilation events (20 events):
Event: 0.333 Thread 0x000001ebecbf2890  805       3       java.util.zip.InflaterInputStream::<init> (70 bytes)
Event: 0.334 Thread 0x000001ebecbf2890 nmethod 805 0x000001ebd89a1690 code [0x000001ebd89a18a0, 0x000001ebd89a1fd0]
Event: 0.334 Thread 0x000001ebecbf2890  806       3       java.util.zip.ZipFile$InflaterCleanupAction::<init> (15 bytes)
Event: 0.334 Thread 0x000001ebecbf2890 nmethod 806 0x000001ebd89a2190 code [0x000001ebd89a2340, 0x000001ebd89a2568]
Event: 0.334 Thread 0x000001ebecbf2890  807       3       java.util.zip.InflaterInputStream::close (34 bytes)
Event: 0.334 Thread 0x000001ebecbf2890 nmethod 807 0x000001ebd89a2610 code [0x000001ebd89a27e0, 0x000001ebd89a2a98]
Event: 0.334 Thread 0x000001ebecbf2890  808       3       java.util.zip.ZipFile$InflaterCleanupAction::run (12 bytes)
Event: 0.334 Thread 0x000001ebecbf2890 nmethod 808 0x000001ebd89a2b90 code [0x000001ebd89a2d40, 0x000001ebd89a2ea8]
Event: 0.334 Thread 0x000001ebecbf2890  809   !   3       java.util.zip.ZipFile$CleanableResource::releaseInflater (53 bytes)
Event: 0.334 Thread 0x000001ebecbf2890 nmethod 809 0x000001ebd89a2f90 code [0x000001ebd89a3180, 0x000001ebd89a35d8]
Event: 0.334 Thread 0x000001ebecbf2890  810       3       java.lang.ClassLoader::definePackage (85 bytes)
Event: 0.334 Thread 0x000001ebecbf0260  812 %     4       java.lang.StringLatin1::inflate @ 3 (34 bytes)
Event: 0.335 Thread 0x000001ebecbf2890 nmethod 810 0x000001ebd89a3790 code [0x000001ebd89a3a60, 0x000001ebd89a4948]
Event: 0.335 Thread 0x000001ebecbf2890  811       3       java.lang.Package::isSealed (26 bytes)
Event: 0.335 Thread 0x000001ebecbf2890 nmethod 811 0x000001ebd89a4e10 code [0x000001ebd89a4fc0, 0x000001ebd89a52c8]
Event: 0.338 Thread 0x000001ebecbf0260 nmethod 812% 0x000001ebe032e310 code [0x000001ebe032e4a0, 0x000001ebe032e828]
Event: 0.339 Thread 0x000001ebecbf2890  813       3       java.net.URLClassLoader::isSealed (72 bytes)
Event: 0.340 Thread 0x000001ebecbf2890 nmethod 813 0x000001ebd89a5410 code [0x000001ebd89a5880, 0x000001ebd89a75f8]
Event: 0.341 Thread 0x000001ebecbf0260  814       4       java.lang.StringCoding::countPositives (33 bytes)
Event: 0.342 Thread 0x000001ebecbf0260 nmethod 814 0x000001ebe032e990 code [0x000001ebe032eb20, 0x000001ebe032eca0]

GC Heap History (0 events):
No events

Dll operation events (8 events):
Event: 0.008 Loaded shared library C:\Program Files\Java\jdk-21\bin\java.dll
Event: 0.035 Loaded shared library C:\Program Files\Java\jdk-21\bin\jsvml.dll
Event: 0.049 Loaded shared library C:\Program Files\Java\jdk-21\bin\net.dll
Event: 0.051 Loaded shared library C:\Program Files\Java\jdk-21\bin\nio.dll
Event: 0.054 Loaded shared library C:\Program Files\Java\jdk-21\bin\zip.dll
Event: 0.148 Loaded shared library C:\Program Files\Java\jdk-21\bin\jimage.dll
Event: 0.161 Loaded shared library C:\Program Files\NetBeans-19\netbeans\java\maven\lib\jansi-native\Windows\x86_64\jansi.dll
Event: 0.169 Loaded shared library C:\Program Files\Java\jdk-21\bin\verify.dll

Deoptimization events (20 events):
Event: 0.277 Thread 0x000001ebceadc5b0 DEOPT PACKING pc=0x000001ebe0320080 sp=0x000000915fbfde50
Event: 0.277 Thread 0x000001ebceadc5b0 DEOPT UNPACKING pc=0x000001ebdfda46a2 sp=0x000000915fbfde30 mode 2
Event: 0.279 Thread 0x000001ebceadc5b0 Uncommon trap: trap_request=0xffffff45 fr.pc=0x000001ebe02fd94c relative=0x00000000000004ec
Event: 0.279 Thread 0x000001ebceadc5b0 Uncommon trap: reason=unstable_if action=reinterpret pc=0x000001ebe02fd94c method=java.lang.StringLatin1.canEncode(I)Z @ 4 c2
Event: 0.279 Thread 0x000001ebceadc5b0 DEOPT PACKING pc=0x000001ebe02fd94c sp=0x000000915fbfe480
Event: 0.279 Thread 0x000001ebceadc5b0 DEOPT UNPACKING pc=0x000001ebdfda46a2 sp=0x000000915fbfe3b8 mode 2
Event: 0.279 Thread 0x000001ebceadc5b0 Uncommon trap: trap_request=0xffffff45 fr.pc=0x000001ebe02ff220 relative=0x00000000000004c0
Event: 0.279 Thread 0x000001ebceadc5b0 Uncommon trap: reason=unstable_if action=reinterpret pc=0x000001ebe02ff220 method=java.lang.AbstractStringBuilder.isLatin1()Z @ 10 c2
Event: 0.279 Thread 0x000001ebceadc5b0 DEOPT PACKING pc=0x000001ebe02ff220 sp=0x000000915fbfe4a0
Event: 0.279 Thread 0x000001ebceadc5b0 DEOPT UNPACKING pc=0x000001ebdfda46a2 sp=0x000000915fbfe430 mode 2
Event: 0.279 Thread 0x000001ebceadc5b0 Uncommon trap: trap_request=0xffffff45 fr.pc=0x000001ebe030370c relative=0x000000000000006c
Event: 0.279 Thread 0x000001ebceadc5b0 Uncommon trap: reason=unstable_if action=reinterpret pc=0x000001ebe030370c method=java.lang.AbstractStringBuilder.isLatin1()Z @ 10 c2
Event: 0.279 Thread 0x000001ebceadc5b0 DEOPT PACKING pc=0x000001ebe030370c sp=0x000000915fbfe4a0
Event: 0.279 Thread 0x000001ebceadc5b0 DEOPT UNPACKING pc=0x000001ebdfda46a2 sp=0x000000915fbfe430 mode 2
Event: 0.282 Thread 0x000001ebceadc5b0 Uncommon trap: trap_request=0xffffff45 fr.pc=0x000001ebe02fb968 relative=0x0000000000000048
Event: 0.282 Thread 0x000001ebceadc5b0 Uncommon trap: reason=unstable_if action=reinterpret pc=0x000001ebe02fb968 method=java.lang.StringLatin1.canEncode(I)Z @ 4 c2
Event: 0.282 Thread 0x000001ebceadc5b0 DEOPT PACKING pc=0x000001ebe02fb968 sp=0x000000915fbfe440
Event: 0.282 Thread 0x000001ebceadc5b0 DEOPT UNPACKING pc=0x000001ebdfda46a2 sp=0x000000915fbfe3d0 mode 2
Event: 0.287 Thread 0x000001ebceadc5b0 DEOPT PACKING pc=0x000001ebd888bc15 sp=0x000000915fbfb9c0
Event: 0.287 Thread 0x000001ebceadc5b0 DEOPT UNPACKING pc=0x000001ebdfda4e42 sp=0x000000915fbfae10 mode 0

Classes loaded (20 events):
Event: 0.249 Loading class java/text/ParseException
Event: 0.249 Loading class java/text/ParseException done
Event: 0.256 Loading class sun/util/calendar/ZoneInfoFile$Checksum
Event: 0.257 Loading class sun/util/calendar/ZoneInfoFile$Checksum done
Event: 0.258 Loading class jdk/internal/module/ModulePatcher$PatchedModuleReader
Event: 0.258 Loading class jdk/internal/module/ModulePatcher$PatchedModuleReader done
Event: 0.258 Loading class sun/net/www/protocol/jrt/Handler
Event: 0.258 Loading class sun/net/www/protocol/jrt/Handler done
Event: 0.278 Loading class sun/text/resources/cldr/FormatData_en
Event: 0.278 Loading class sun/text/resources/cldr/FormatData_en done
Event: 0.278 Loading class sun/text/resources/cldr/FormatData_en_US
Event: 0.278 Loading class sun/text/resources/cldr/FormatData_en_US done
Event: 0.305 Loading class java/lang/ArrayIndexOutOfBoundsException
Event: 0.305 Loading class java/lang/ArrayIndexOutOfBoundsException done
Event: 0.308 Loading class java/io/FilterReader
Event: 0.308 Loading class java/io/FilterReader done
Event: 0.321 Loading class java/util/ServiceConfigurationError
Event: 0.321 Loading class java/util/ServiceConfigurationError done
Event: 0.333 Loading class java/util/NoSuchElementException
Event: 0.333 Loading class java/util/NoSuchElementException done

Classes unloaded (0 events):
No events

Classes redefined (0 events):
No events

Internal exceptions (16 events):
Event: 0.082 Thread 0x000001ebceadc5b0 Exception <a 'java/lang/NoSuchMethodError'{0x0000000089317748}: 'int java.lang.invoke.DirectMethodHandle$Holder.invokeSpecial(java.lang.Object, java.lang.Object, java.lang.Object)'> (0x0000000089317748) 
thrown [s\open\src\hotspot\share\interpreter\linkResolver.cpp, line 773]
Event: 0.137 Thread 0x000001ebceadc5b0 Exception <a 'java/lang/NoSuchMethodError'{0x0000000089129b38}: 'java.lang.Object java.lang.invoke.Invokers$Holder.invokeExact_MT(java.lang.Object, java.lang.Object, java.lang.Object, java.lang.Object, java.lang.Object)'> (0x0000000089129b38) 
thrown [s\open\src\hotspot\share\interpreter\linkResolver.cpp, line 773]
Event: 0.145 Thread 0x000001ebceadc5b0 Exception <a 'java/lang/NullPointerException'{0x000000008917eec8}> (0x000000008917eec8) 
thrown [s\open\src\hotspot\share\interpreter\linkResolver.cpp, line 1372]
Event: 0.162 Thread 0x000001ebceadc5b0 Exception <a 'java/lang/NullPointerException'{0x000000008900c4c8}> (0x000000008900c4c8) 
thrown [s\open\src\hotspot\share\interpreter\linkResolver.cpp, line 1372]
Event: 0.162 Thread 0x000001ebceadc5b0 Exception <a 'java/lang/NullPointerException'{0x000000008900c7a8}> (0x000000008900c7a8) 
thrown [s\open\src\hotspot\share\interpreter\linkResolver.cpp, line 1372]
Event: 0.162 Thread 0x000001ebceadc5b0 Exception <a 'java/lang/NullPointerException'{0x000000008900ca88}> (0x000000008900ca88) 
thrown [s\open\src\hotspot\share\interpreter\linkResolver.cpp, line 1372]
Event: 0.163 Thread 0x000001ebceadc5b0 Exception <a 'java/lang/NullPointerException'{0x00000000890117f0}> (0x00000000890117f0) 
thrown [s\open\src\hotspot\share\interpreter\linkResolver.cpp, line 1372]
Event: 0.164 Thread 0x000001ebceadc5b0 Exception <a 'java/lang/NullPointerException'{0x0000000089024760}> (0x0000000089024760) 
thrown [s\open\src\hotspot\share\interpreter\linkResolver.cpp, line 1372]
Event: 0.164 Thread 0x000001ebceadc5b0 Exception <a 'java/lang/NullPointerException'{0x0000000089024a40}> (0x0000000089024a40) 
thrown [s\open\src\hotspot\share\interpreter\linkResolver.cpp, line 1372]
Event: 0.164 Thread 0x000001ebceadc5b0 Exception <a 'java/lang/NullPointerException'{0x0000000089024d20}> (0x0000000089024d20) 
thrown [s\open\src\hotspot\share\interpreter\linkResolver.cpp, line 1372]
Event: 0.164 Thread 0x000001ebceadc5b0 Exception <a 'java/lang/NullPointerException'{0x0000000089025000}> (0x0000000089025000) 
thrown [s\open\src\hotspot\share\interpreter\linkResolver.cpp, line 1372]
Event: 0.168 Thread 0x000001ebceadc5b0 Exception <a 'sun/nio/fs/WindowsException'{0x000000008904e528}> (0x000000008904e528) 
thrown [s\open\src\hotspot\share\prims\jni.cpp, line 520]
Event: 0.168 Thread 0x000001ebceadc5b0 Exception <a 'sun/nio/fs/WindowsException'{0x000000008904eb98}> (0x000000008904eb98) 
thrown [s\open\src\hotspot\share\prims\jni.cpp, line 520]
Event: 0.168 Thread 0x000001ebceadc5b0 Exception <a 'sun/nio/fs/WindowsException'{0x000000008904f058}> (0x000000008904f058) 
thrown [s\open\src\hotspot\share\prims\jni.cpp, line 520]
Event: 0.182 Thread 0x000001ebceadc5b0 Exception <a 'java/lang/NoSuchMethodError'{0x00000000890c0fa8}: 'void java.lang.invoke.DirectMethodHandle$Holder.invokeStatic(java.lang.Object, java.lang.Object, java.lang.Object)'> (0x00000000890c0fa8) 
thrown [s\open\src\hotspot\share\interpreter\linkResolver.cpp, line 773]
Event: 0.235 Thread 0x000001ebceadc5b0 Exception <a 'java/lang/NoSuchMethodError'{0x0000000088e72570}: 'java.lang.Object java.lang.invoke.DirectMethodHandle$Holder.invokeSpecialIFC(java.lang.Object, java.lang.Object, java.lang.Object, java.lang.Object)'> (0x0000000088e72570) 
thrown [s\open\src\hotspot\share\interpreter\linkResolver.cpp, line 773]

ZGC Phase Switch (0 events):
No events

VM Operations (6 events):
Event: 0.055 Executing VM operation: HandshakeAllThreads (Deoptimize)
Event: 0.055 Executing VM operation: HandshakeAllThreads (Deoptimize) done
Event: 0.144 Executing VM operation: HandshakeAllThreads (Deoptimize)
Event: 0.144 Executing VM operation: HandshakeAllThreads (Deoptimize) done
Event: 0.150 Executing VM operation: HandshakeAllThreads (Deoptimize)
Event: 0.150 Executing VM operation: HandshakeAllThreads (Deoptimize) done

Events (11 events):
Event: 0.022 Thread 0x000001ebceadc5b0 Thread added: 0x000001ebceadc5b0
Event: 0.034 Thread 0x000001ebecbdd490 Thread added: 0x000001ebecbdd490
Event: 0.034 Thread 0x000001ebecbde3b0 Thread added: 0x000001ebecbde3b0
Event: 0.034 Thread 0x000001ebecbe10c0 Thread added: 0x000001ebecbe10c0
Event: 0.034 Thread 0x000001ebecbe1fa0 Thread added: 0x000001ebecbe1fa0
Event: 0.034 Thread 0x000001ebecbe52b0 Thread added: 0x000001ebecbe52b0
Event: 0.034 Thread 0x000001ebecbe9d20 Thread added: 0x000001ebecbe9d20
Event: 0.034 Thread 0x000001ebecbf0260 Thread added: 0x000001ebecbf0260
Event: 0.034 Thread 0x000001ebecbf2890 Thread added: 0x000001ebecbf2890
Event: 0.045 Thread 0x000001ebf1133870 Thread added: 0x000001ebf1133870
Event: 0.047 Thread 0x000001ebf1138310 Thread added: 0x000001ebf1138310


Dynamic libraries:
0x00007ff721580000 - 0x00007ff721590000 	C:\Program Files\Java\jdk-21\bin\java.exe
0x00007ffee1570000 - 0x00007ffee1768000 	C:\Windows\SYSTEM32\ntdll.dll
0x00007ffee12b0000 - 0x00007ffee136d000 	C:\Windows\System32\KERNEL32.DLL
0x00007ffedec20000 - 0x00007ffedef16000 	C:\Windows\System32\KERNELBASE.dll
0x00007ffedf140000 - 0x00007ffedf240000 	C:\Windows\System32\ucrtbase.dll
0x00007ffea3e60000 - 0x00007ffea3e79000 	C:\Program Files\Java\jdk-21\bin\jli.dll
0x00007ffecd9e0000 - 0x00007ffecd9fb000 	C:\Program Files\Java\jdk-21\bin\VCRUNTIME140.dll
0x00007ffee0480000 - 0x00007ffee0530000 	C:\Windows\System32\ADVAPI32.dll
0x00007ffedf600000 - 0x00007ffedf69e000 	C:\Windows\System32\msvcrt.dll
0x00007ffee03e0000 - 0x00007ffee0480000 	C:\Windows\System32\sechost.dll
0x00007ffee0e40000 - 0x00007ffee0f65000 	C:\Windows\System32\RPCRT4.dll
0x00007ffedf370000 - 0x00007ffedf397000 	C:\Windows\System32\bcrypt.dll
0x00007ffee1390000 - 0x00007ffee152e000 	C:\Windows\System32\USER32.dll
0x00007ffedf240000 - 0x00007ffedf262000 	C:\Windows\System32\win32u.dll
0x00007ffee05b0000 - 0x00007ffee05db000 	C:\Windows\System32\GDI32.dll
0x00007ffed1fb0000 - 0x00007ffed224a000 	C:\Windows\WinSxS\amd64_microsoft.windows.common-controls_6595b64144ccf1df_6.0.19041.3636_none_60b6a03d71f818d5\COMCTL32.dll
0x00007ffedef20000 - 0x00007ffedf037000 	C:\Windows\System32\gdi32full.dll
0x00007ffedf3a0000 - 0x00007ffedf43d000 	C:\Windows\System32\msvcp_win.dll
0x00007ffed2a20000 - 0x00007ffed2a2a000 	C:\Windows\SYSTEM32\VERSION.dll
0x00007ffee0e00000 - 0x00007ffee0e32000 	C:\Windows\System32\IMM32.DLL
0x00007ffedc260000 - 0x00007ffedc26c000 	C:\Program Files\Java\jdk-21\bin\vcruntime140_1.dll
0x00007ffe89010000 - 0x00007ffe8909e000 	C:\Program Files\Java\jdk-21\bin\msvcp140.dll
0x00007ffe86840000 - 0x00007ffe87555000 	C:\Program Files\Java\jdk-21\bin\server\jvm.dll
0x00007ffee0540000 - 0x00007ffee05ab000 	C:\Windows\System32\WS2_32.dll
0x00007ffedea80000 - 0x00007ffedeacb000 	C:\Windows\SYSTEM32\POWRPROF.dll
0x00007ffeceb10000 - 0x00007ffeceb37000 	C:\Windows\SYSTEM32\WINMM.dll
0x00007ffedea60000 - 0x00007ffedea72000 	C:\Windows\SYSTEM32\UMPDC.dll
0x00007ffedc900000 - 0x00007ffedc912000 	C:\Windows\SYSTEM32\kernel.appcore.dll
0x00007ffec8250000 - 0x00007ffec825a000 	C:\Program Files\Java\jdk-21\bin\jimage.dll
0x00007ffec9fa0000 - 0x00007ffeca184000 	C:\Windows\SYSTEM32\DBGHELP.DLL
0x00007ffec9f60000 - 0x00007ffec9f94000 	C:\Windows\SYSTEM32\dbgcore.DLL
0x00007ffedf270000 - 0x00007ffedf2f2000 	C:\Windows\System32\bcryptPrimitives.dll
0x00007ffea3cc0000 - 0x00007ffea3cdf000 	C:\Program Files\Java\jdk-21\bin\java.dll
0x00007ffedfc70000 - 0x00007ffee03db000 	C:\Windows\System32\SHELL32.dll
0x00007ffedcb00000 - 0x00007ffedd29e000 	C:\Windows\SYSTEM32\windows.storage.dll
0x00007ffee08d0000 - 0x00007ffee0c23000 	C:\Windows\System32\combase.dll
0x00007ffede580000 - 0x00007ffede5ae000 	C:\Windows\SYSTEM32\Wldp.dll
0x00007ffee11e0000 - 0x00007ffee12ad000 	C:\Windows\System32\OLEAUT32.dll
0x00007ffee1130000 - 0x00007ffee11dd000 	C:\Windows\System32\SHCORE.dll
0x00007ffedf5a0000 - 0x00007ffedf5f5000 	C:\Windows\System32\shlwapi.dll
0x00007ffedeb50000 - 0x00007ffedeb75000 	C:\Windows\SYSTEM32\profapi.dll
0x00007ffe88f30000 - 0x00007ffe89007000 	C:\Program Files\Java\jdk-21\bin\jsvml.dll
0x00007ffec5eb0000 - 0x00007ffec5ec0000 	C:\Program Files\Java\jdk-21\bin\net.dll
0x00007ffed93e0000 - 0x00007ffed94ea000 	C:\Windows\SYSTEM32\WINHTTP.dll
0x00007ffede2e0000 - 0x00007ffede34a000 	C:\Windows\system32\mswsock.dll
0x00007ffea3940000 - 0x00007ffea3956000 	C:\Program Files\Java\jdk-21\bin\nio.dll
0x00007ffe90750000 - 0x00007ffe90768000 	C:\Program Files\Java\jdk-21\bin\zip.dll
0x0000000069ac0000 - 0x0000000069ae4000 	C:\Program Files\NetBeans-19\netbeans\java\maven\lib\jansi-native\Windows\x86_64\jansi.dll
0x00007ffec46e0000 - 0x00007ffec46f0000 	C:\Program Files\Java\jdk-21\bin\verify.dll

dbghelp: loaded successfully - version: 4.0.5 - missing functions: none
symbol engine: initialized successfully - sym options: 0x614 - pdb path: .;C:\Program Files\Java\jdk-21\bin;C:\Windows\SYSTEM32;C:\Windows\WinSxS\amd64_microsoft.windows.common-controls_6595b64144ccf1df_6.0.19041.3636_none_60b6a03d71f818d5;C:\Program Files\Java\jdk-21\bin\server;C:\Program Files\NetBeans-19\netbeans\java\maven\lib\jansi-native\Windows\x86_64

VM Arguments:
jvm_args: -Dclassworlds.conf=C:\Program Files\NetBeans-19\netbeans\java\maven\bin\m2.conf -Dmaven.home=C:\Program Files\NetBeans-19\netbeans\java\maven -Dlibrary.jansi.path=C:\Program Files\NetBeans-19\netbeans\java\maven\lib\jansi-native -Dmaven.multiModuleProjectDirectory=D:\POSCASHIERMASTER\tt_pos_window 
java_command: org.codehaus.plexus.classworlds.launcher.Launcher -Dexec.vmArgs= -Dexec.args=${exec.vmArgs} -classpath %classpath ${exec.mainClass} ${exec.appArgs} -Dexec.appArgs= -Dexec.mainClass=com.mycompany.kingmart.KingMart -Dexec.executable=C:\Program Files\Java\jdk-21\bin\java.exe -Dmaven.ext.class.path=C:\Program Files\NetBeans-19\netbeans\java\maven-nblib\netbeans-eventspy.jar --no-transfer-progress process-classes org.codehaus.mojo:exec-maven-plugin:3.1.0:exec
java_class_path (initial): C:\Program Files\NetBeans-19\netbeans\java\maven\boot\plexus-classworlds-2.7.0.jar
Launcher Type: SUN_STANDARD

[Global flags]
     intx CICompilerCount                          = 3                                         {product} {ergonomic}
     uint ConcGCThreads                            = 1                                         {product} {ergonomic}
     uint G1ConcRefinementThreads                  = 4                                         {product} {ergonomic}
   size_t G1HeapRegionSize                         = 1048576                                   {product} {ergonomic}
    uintx GCDrainStackTargetSize                   = 64                                        {product} {ergonomic}
   size_t InitialHeapSize                          = 134217728                                 {product} {ergonomic}
   size_t MarkStackSize                            = 4194304                                   {product} {ergonomic}
   size_t MaxHeapSize                              = 2124414976                                {product} {ergonomic}
   size_t MaxNewSize                               = 1274019840                                {product} {ergonomic}
   size_t MinHeapDeltaBytes                        = 1048576                                   {product} {ergonomic}
   size_t MinHeapSize                              = 8388608                                   {product} {ergonomic}
    uintx NonNMethodCodeHeapSize                   = 5832780                                {pd product} {ergonomic}
    uintx NonProfiledCodeHeapSize                  = 122912730                              {pd product} {ergonomic}
    uintx ProfiledCodeHeapSize                     = 122912730                              {pd product} {ergonomic}
    uintx ReservedCodeCacheSize                    = 251658240                              {pd product} {ergonomic}
     bool SegmentedCodeCache                       = true                                      {product} {ergonomic}
   size_t SoftMaxHeapSize                          = 2124414976                             {manageable} {ergonomic}
     bool UseCompressedOops                        = true                           {product lp64_product} {ergonomic}
     bool UseG1GC                                  = true                                      {product} {ergonomic}
     bool UseLargePagesIndividualAllocation        = false                                  {pd product} {ergonomic}

Logging:
Log output configuration:
 #0: stdout all=warning uptime,level,tags foldmultilines=false
 #1: stderr all=off uptime,level,tags foldmultilines=false

Environment Variables:
JAVA_HOME=C:\Program Files\Java\jdk-21
PATH=C:\Program Files\Common Files\Oracle\Java\javapath;C:\Windows\system32;C:\Windows;C:\Windows\System32\Wbem;C:\Windows\System32\WindowsPowerShell\v1.0\;C:\Windows\System32\OpenSSH\;C:\xampp\php;C:\ProgramData\ComposerSetup\bin;C:\Program Files\nodejs\;C:\Program Files\Git\cmd;C:\Program Files\Java\jdk-21\bin;C:\xampp\mysql\bin;C:\Users\front-end.06\AppData\Local\Microsoft\WindowsApps;C:\Users\front-end.06\AppData\Local\Programs\Microsoft VS Code\bin;D:\Git\cmd
USERNAME=FRONT-END.06
OS=Windows_NT
PROCESSOR_IDENTIFIER=Intel64 Family 6 Model 60 Stepping 3, GenuineIntel
TMP=C:\Users\FRONT-~1.06\AppData\Local\Temp
TEMP=C:\Users\FRONT-~1.06\AppData\Local\Temp




Periodic native trim disabled

---------------  S Y S T E M  ---------------

OS:
 Windows 10 , 64 bit Build 19041 (10.0.19041.3636)
OS uptime: 13 days 0:52 hours

CPU: total 4 (initial active 4) (4 cores per cpu, 2 threads per core) family 6 model 60 stepping 3 microcode 0x27, cx8, cmov, fxsr, ht, mmx, sse, sse2, sse3, ssse3, sse4.1, sse4.2, popcnt, lzcnt, tsc, tscinvbit, avx, avx2, aes, erms, clmul, bmi1, bmi2, fma, vzeroupper, clflush, rdtscp, f16c
Processor Information for all 4 processors :
  Max Mhz: 3601, Current Mhz: 3601, Mhz Limit: 3601

Memory: 4k page, system-wide physical 8097M (653M free)
TotalPageFile size 25191M (AvailPageFile size 2M)
current process WorkingSet (physical memory assigned to process): 61M, peak: 61M
current process commit charge ("private bytes"): 214M, peak: 214M

vm_info: Java HotSpot(TM) 64-Bit Server VM (21.0.1+12-LTS-29) for windows-amd64 JRE (21.0.1+12-LTS-29), built on 2023-10-05T13:27:09Z by "mach5one" with MS VC++ 17.1 (VS2022)

END.
